--Create User table--
CREATE TABLE "user" (
    "id" SERIAL PRIMARY KEY,
    "username" VARCHAR (80) NOT NULL,
    "password" VARCHAR (1000) NOT NULL,
    "access_level" INT DEFAULT 1,
    "token" VARCHAR(40),
    "expiration" TIMESTAMP
);

--USER TEST DATA--
--Please Create new User on Log in page and password should be hashed in DB--
 INSERT INTO "user" ("username", "password", "access_level")
 VALUES ('jordan', 'yourpath', '100');
 

--Create Provider table--

CREATE TABLE "provider" (
	"program" VARCHAR(255) NOT NULL,
	"website" VARCHAR(255),
	"address" VARCHAR(255),
	"city" VARCHAR(255),
	"state" VARCHAR(255),
	"zip" VARCHAR(255),
	"county" VARCHAR(255),
	"email" VARCHAR(255),
	"phone" VARCHAR (255),
	"parent_program" VARCHAR(255),
	"empty" VARCHAR (255),
	"created_by_user_id" INT REFERENCES "user" default NULL,
	"active" boolean DEFAULT true
);

--Provider Data-- FIRST IMPORT ENDS @ LINE 283--
INSERT INTO provider VALUES
    ('3R''s Nuway Counseling Center','https://www.nuway.org/','1404 CENTRAL AVE NE','Minneapolis','MN','55413-1517','Hennepin',NULL,'(612) 789-8030','Nuway House, Inc.',NULL),
    ('A Better Connection Inc','https://www.abetterconnectioninc.com/','1009 Hollinger St','Park Rapids','MN','56470','Hubbard',NULL,'(218) 252-2785','A Better Connection Inc',NULL),
    ('A Way Out Recovery','http://awayoutsoberliving.com/','1240 3RD AVE E STE 107','Shakopee','MN','55379-1749','Scott',NULL,'(952) 324-5146','A Way Out Recovery',NULL),
    ('Abria Recovery','https://www.abriarecovery.com/','13401 COUNTY ROAD 5','Burnsville','MN','55337-2377','Dakota',NULL,'(952) 406-8105','Abria Recovery',NULL),
    ('Addiction Health Center','https://addictionhealthcenter.com/','1983 SLOAN PL STE 16','Maplewood','MN','55117-2004','Ramsey',NULL,'(651) 888-2463','Ultimate Health Inc',NULL),
    ('Adira Womens Wellness Center LLC','http://www.adirawomenswellness.com/','444 12TH AVE N','South St Paul','MN','55075-1914','Dakota',NULL,'(651) 373-3744','Adira Womens Wellness Center LLC',NULL),
    ('Adolescent Addiction Services Outpatient Program St Cloud Hospital','https://www.centracare.com/locations/centracare-st-cloud-hospital-addiction-services/','1564 COUNTY ROAD 134','Saint Cloud','MN','56303-0346','Stearns',NULL,'(320) 229-4950','St. Cloud Hospital Adolescent Addiction Services',NULL),
    ('Adolescent Program @ West Central Regional Juvenile Detention Center','https://claycountymn.gov/414/West-Central-Regional-Juvenile-Center','919 8th Ave North','Moorhead','MN','56561','Clay',NULL,'(218) 299-5150','Drake Counseling Services Inc',NULL),
    ('Agape Counseling Center LLC','https://www.facebook.com/Agape-Counseling-Center-LLC-362944407875593/','305 9th St','Windom','MN','56101','Cottonwood',NULL,'(507) 832-8033','Agape Counseling Center LLC',NULL),
    ('AICDC Detoxification Center','http://www.aicdc-mn.org/node/16','1800 CHICAGO AVE','Minneapolis','MN','55404-1901','Hennepin',NULL,'(612) 879-3646','American Indian Community Development Corporation',NULL),
    ('Alliance Clinic LLC dba Valhalla Minneapolis','https://valhallaplace.com/','3329 University Ave SE','Minneapolis','MN','55414','Hennepin',NULL,'(612) 454-2260','Alliance Clinic LLC',NULL),
    ('Alliance Wellness Center','https://valhallaplace.com/','8040 Old Cedar Ave S Ste 101','Bloomington','MN','55425','Hennepin',NULL,'(952) 992-9803','Alliance Wellness Center',NULL),
    ('Alliance Wellness Clinic Inc','https://valhallaplace.com/','8040 OLD CEDAR AVE S STE 100','Bloomington','MN','55425-1205','Hennepin',NULL,'(952) 693-0080','Alliance Wellness Clinic Inc',NULL),
    ('Allina Health Inpatient Addiction Trmt Mercy Hospital Unity Campus','https://account.allinahealth.org/servicelines/826','550 OSBORNE RD NE # 2','Minneapolis','MN','55432-2718','Anoka',NULL,'(763) 236-4506','Allina Health System',NULL),
    ('Allina Health Outpatient Addiction Services Cambridge Medical Center','https://account.allinahealth.org/servicelines/826','522 11th Ave SW','Cambridge','MN','55008','Isanti',NULL,'(763) 688-7723','Allina Health System',NULL),
    ('Allina Health Outpatient Addiction Services Mercy Hospital Unity Campu','https://account.allinahealth.org/servicelines/826','7590 Lyric Lane NE','Fridley','MN','55432','Anoka',NULL,'(763) 236-4300','Allina Health System',NULL),
    ('Amazing Grace Recovery Services','https://amazinggracerecoveryservices.com/','23671 SAINT FRANCIS BLVD NW STE 103','Saint Francis','MN','55070-9803','Anoka',NULL,'(763) 753-6639','Amazing Grace Recovery Services LLC',NULL),
    ('Amherst H Wilder Foundation','https://www.wilder.org/what-we-offer/mental-health-wellness-services/adult-mental-health-recovery-services#recovery-services','451 Lexington Pkwy N','Saint Paul','MN','55104','Ramsey',NULL,'(651) 280-2310','Amherst H Wilder Foundation',NULL),
    ('Anderson Counseling PC','https://anderson-jore-counseling.business.site/','1749 2nd Ave SE','Grand Rapids','MN','55744','Itasca',NULL,'(218) 326-9781','Anderson Jore Counseling PC',NULL),
    ('ANEW','http://ssanew.org/','1075 HUDSON RD','Saint Paul','MN','55106-6140','Ramsey',NULL,'(651) 756-8561','Spence Specialities LLC Anew',NULL),
    ('Anthony Louis Center','http://www.anthonylouiscenter.com/','1517 E Highway 13','Burnsville','MN','55376','Dakota',NULL,'(952) 890-8879','On-belay Of Minnesota Inc dba Anthony Louis Center',NULL),
    ('Anthony Louis Center North','http://www.anthonylouiscenter.com/','1000 Paul Pkwy','Blaine','MN','55434','Anoka',NULL,'(763) 757-2906','On-belay Of Minnesota Inc dba Anthony Louis Center',NULL),
    ('Applied Care Services Outpatient Treatment','https://www.appliedcareservices.com/recovery-services','4710 WHITE BEAR PKWY STE 100','White Bear Lake','MN','55110-3486','Ramsey',NULL,'(612) 205-5332','Applied Care Services Inc',NULL),
    ('Arbor Place Inc','https://arborplaceinc.org/','4076 Kothlow Avenue','Menomonie','WI','54751',NULL,NULL,'715-235-4537',NULL,NULL),
    ('Ark Counseling LLC','https://arkcounseling.org/','13895 Industrial Park Blvd Ste 140','Plymouth','MN','55441','Hennepin',NULL,'(763) 559-5677','Ark Counseling LLC',NULL),
    ('Arrowhead Center NLC','https://www.arrowheadcenterinc.org/services','1201 13th Ave W','Virginia','MN','55792','St. Louis',NULL,'(218) 749-2877','Arrowhead Center, Inc.',NULL),
    ('Arrowhead Center, Inc.','https://www.arrowheadcenterinc.org/services','505 12th Ave W Ste 1','Virginia','MN','55792-3078','St. Louis',NULL,'(218) 749-2877','Arrowhead Center, Inc.',NULL),
    ('Ascertain Recovery Centre LLC','https://www.ascertainrecovery.org/','413 COMMERCIAL AVE N','Sandstone','MN','55072-4412','Pine',NULL,'(218) 460-9095','Ascertain Recovery Centre LLC',NULL),
    ('Avalon Programs LLC dba New Beginnings Minnesota at Eagan','https://nbminnesota.com/outpatient-treatment/','3470 WASHINGTON DR STE 165','Eagan','MN','55122','Dakota',NULL,'(651) 454-2833','Avalon Programs LLC',NULL),
    ('Avalon Programs LLC dba New Beginnings Minnesota at Minnetonka','https://nbminnesota.com/outpatient-treatment/','11900 Wayzata Blvd #100','Minnetonka','MN','55305','Hennepin',NULL,'(612) 454-2009','Avalon Programs LLC',NULL),
    ('Avalon Programs LLC dba New Beginnings Minnesota at St Anthony Park','https://nbminnesota.com/outpatient-treatment/','1821 UNIVERSITY AVE W STE N385','Saint Paul','MN','55104-2872','Ramsey',NULL,'(651) 647-0095','Avalon Programs LLC',NULL),
    ('Avalon Programs LLC dba New Beginnings Minnesota at Stillwater','https://nbminnesota.com/outpatient-treatment/','1825 CURVE CREST BLVD W STE 103','Stillwater','MN','55082-6054','Washington',NULL,'(651) 351-9325','Avalon Programs LLC',NULL),
    ('Avenues Recovery','https://avenuesrecovery.org/our-services/','2002 SUBURBAN AVE','Saint Paul','MN','55119-7001','Ramsey',NULL,'(651) 702-2700','Avenues Recovery, LLC',NULL),
    ('AVIVO','https://avivomn.org/','1826 CHICAGO AVE','Minneapolis','MN','55404-1954','Hennepin',NULL,'(612) 752-8165','AVIVO',NULL),
    ('AVIVO','https://avivomn.org/','1900 CHICAGO AVE','Minneapolis','MN','55404-1903','Hennepin',NULL,'(612) 752-8000','AVIVO',NULL),
    ('Awaken Recovery Center LLC','https://www.facebook.com/AwakenRecovery1/services/?service_id=3422060984533869','393 N Dunlap St Ste 400D','Saint Paul','MN','55104','Ramsey',NULL,'(763) 331-2162','Awaken Recovery Center',NULL),
    ('Beauterre Recovery Institute','https://beauterre.org/','2480 S Cty Rd 45','Owatonna','MN','55060','Steele',NULL,'(612) 326-7600','Meridian Behavioral Health LLC',NULL),
    ('Bell Hill Recovery Center','http://www.bellhill.org/','12214 200th St','Wadena','MN','56482','Wadena',NULL,'(218) 631-3610','Bell Hill Recovery Center',NULL),
    ('Bemidji Area Program for Recovery Inc','https://www.bemidjiareaprogramforrecovery.com/','403 4TH ST NW STE 300','Bemidji','MN','56601-3196','Beltrami',NULL,'(218) 444-5155','Bemidji Area Program for Recovery Inc Steps to Freedom Program',NULL),
    ('Beths Place','https://bethsplacerecovery.com/services','1606 30th Ave S','Moorhead','MN','56560','Clay',NULL,'(701) 566-9965','Beth''s Place',NULL),
    ('BreakThrough','https://www.facebook.com/Breakthrough-Recovery-Program-103560151464939/','2147 UNIVERSITY AVE W STE 106','Saint Paul','MN','55114-0007','Ramsey',NULL,'(612) 201-8111','BreakThrough',NULL),
    ('Bridge Recovery LLC','https://www.meridianprograms.com/program/bridge-recovery/','1485 10TH AVE NE','Sauk Rapids','MN','56379-9838','Benton',NULL,'(612) 326-7600','Bridge Recovery LLC',NULL),
    ('Brighter Mission LLC','https://brightermission.org/','1900 CENTRAL AVE NE # 108','Minneapolis','MN','55418-4551','Hennepin',NULL,'(651) 347-8500','Norma Reynolds',NULL),
    ('Brown County Evaluation Center, Inc., Detox Division','https://browncountydetox.com/about.php','510 N Front St','New Ulm','MN','56073','Brown',NULL,'(507) 359-9111','Brown County Evaluation Center, Inc.',NULL),
    ('Burkwood Treatment Center','https://www.burkwoodtreatmentcenter.com/','615 Old Mill RD.','Hudson','WI','54016',NULL,NULL,'715-386-6125',NULL,NULL),
    ('CADT Outpatient Treatment Facility','https://cadt.org/','314 W SUPERIOR ST STE 400','Duluth','MN','55802-1892','St. Louis',NULL,'(218) 723-8444','Center for Alcohol and Drug Tx 400 Torrey Building',NULL),
    ('CADT Residential Treatment Facility & Clear Path Clinic (OTP)','https://cadt.org/','1402 E Superior St','Duluth','MN','55805','St. Louis',NULL,'(218) 723-8444','Center for Alcohol and Drug Tx 400 Torrey Building',NULL),
    ('Canvas Health','https://www.canvashealth.org/','14900 61ST ST N','Stillwater','MN','55082-6161','Washington',NULL,'(651) 430-7930','Canvas Health',NULL),
    ('Canvas Health','https://www.canvashealth.org/','7066 STILLWATER BLVD N','Saint Paul','MN','55128-3937','Washington',NULL,'(651) 777-5222','Canvas Health',NULL),
    ('Canvas Health','https://www.canvashealth.org/','15230 Per Road','Center City','MN','55012','Chisago',NULL,'(651) 777-5222','Canvas Health',NULL),
    ('Canvas Health','https://www.canvashealth.org/','7565 4TH AVE','Circle Pines','MN','55014-1068','Anoka',NULL,'(651) 351-3140','Canvas Health',NULL),
    ('Canvas Health','https://www.canvashealth.org/','375 ORLEANS ST E','Stillwater','MN','55082-5830','Washington',NULL,'(651) 430-2720','Canvas Health',NULL),
    ('Canvas Health','https://www.canvashealth.org/','555 W BROADWAY AVE # SUITES 2/3','Forest Lake','MN','55025-1175','Washington',NULL,'(651) 251-5220','Canvas Health',NULL),
    ('Canvas Health','https://www.canvashealth.org/','5842 OLD MAIN ST # SUITES 2/3/4','North Branch','MN','55056-6687','Chisago',NULL,'(651) 401-3060','Canvas Health',NULL),
    ('Canvas Health','https://www.canvashealth.org/','8451 E POINT DOUGLAS RD S','Cottage Grove','MN','55016-3331','Washington',NULL,'(651) 458-4116','Canvas Health',NULL),
    ('Capital Recovery Center','https://www.capitalrecoverymn.com/','680 MENDELSSOHN AVE N','Minneapolis','MN','55427-4306','Hennepin',NULL,'(651) 795-1589','Capital Health Services LLC',NULL),
    ('Care Crossings','http://www.carecrossings.com/About','1605 SOUTHCROSS DR W STE B','Burnsville','MN','55306-7013','Dakota',NULL,'(952) 999-7820','ADAP Consulting',NULL),
    ('Cedar Ridge','https://www.meridianprograms.com/program/cedar-ridge-mens-residential-stillwater-mn/','11400 Julianne Ave N','Stillwater','MN','55082','Washington',NULL,'(651) 426-3300','Cedar Ridge LLC',NULL),
    ('Center for Recovery from Alcohol & Drug Addiction','N/A','7420 UNITY AVE N STE 109','Brooklyn Park','MN','55443-3136','Hennepin',NULL,'(612) 293-3776','Ctr African Immigrants Recovery Drugs & Alcohol',NULL),
    ('Central Minnesota Adult & Teen Challenge','https://www.mntc.org/brainerd/','603 OAK ST','Brainerd','MN','56401-3610','Crow Wing',NULL,'(218) 833-8778','Minnesota Adult & Teen Challenge',NULL),
    ('Central Minnesota Mental Health Center','https://cmmhc.org/','1321 13th St N','Saint Cloud','MN','56303','Stearns',NULL,'(320) 252-5010','Central Minnesota Mental Health Center',NULL),
    ('Central Minnesota Mental Health Center','https://cmmhc.org/','407 Washington St','Monticello','MN','56362','Wright',NULL,'(763) 295-4001','Central Minnesota Mental Health Center',NULL),
    ('Central Minnesota Receiving and Referral Center','https://cmmhc.org/services/detox/','1321 N 13th St','Saint Cloud','MN','56303','Stearns',NULL,'(320) 252-6654','Central Minnesota Mental Health Center',NULL),
    ('Central MN Adult & Teen Challenge Life Renewal','https://www.mntc.org/','2424 Business 371','Brainerd','MN','56401','Crow Wing',NULL,'(218) 833-8777','Minnesota Adult & Teen Challenge',NULL),
    ('Central MN Adult & Teen Challenge Life Renewal','https://www.mntc.org/','313 Laurel St','Brainerd','MN','56401','Crow Wing',NULL,'(218) 833-8777','Minnesota Adult & Teen Challenge',NULL),
    ('Central MN Mental Health Center','https://cmmhc.org/','308 12th Ave South','Buffalo','MN','55313','Wright',NULL,'(763) 682-4400','Central Minnesota Mental Health Center',NULL),
    ('Change By Design','N/A','3300 4th Ave N','Anoka','MN','55303','Anoka',NULL,'(763) 421-5590','Riverplace Counseling Center Inc',NULL),
    ('Clay County Receiving Center','https://claycountymn.gov/538/Detox-Center','715 N 11th St Suite 203','Moorhead','MN','56560','Clay',NULL,'(218) 299-5171','Clay County Public Health',NULL),
    ('Club Recovery','https://clubrecoveryllc.com/','6550 York Ave S Ste 620','Edina','MN','55435','Hennepin',NULL,'(952) 926-2526','Club Recovery',NULL),
    ('Cochran Recovery Services Inc','http://www.detoxone.org/','1294 18TH ST E','Hastings','MN','55033-3680','Dakota',NULL,'(651) 437-4209','Cochran Recovery Services Inc',NULL),
    ('Common Ground',NULL,'111 Hill St Ste A','Red Wing','MN','55066','Goodhue',NULL,'(507) 281-0023','Miller Chemical Health Services Inc',NULL),
    ('Common Ground',NULL,'174 Main St','Winona','MN','55987','Winona',NULL,'(507) 453-0023','Miller Chemical Health Services Inc',NULL),
    ('Common Ground',NULL,'2227 7TH ST NW STE 100','Rochester','MN','55901-0206','Olmsted',NULL,'(507) 281-0023','Miller Chemical Health Services Inc',NULL),
    ('Common Ground Recovery Housing',NULL,'730 W 6th St','Winona','MN','55987','Winona',NULL,'(507) 281-0023','Common Ground Recovery Housing Inc',NULL),
    ('Community Addiction Recovery Enterprise (CARE)',NULL,'1010 MARYLAND LN','Fergus Falls','MN','56537-7530','Otter Tail',NULL,'(218) 736-1800','Commissioner of Department of Human Services',NULL),
    ('Community Addiction Recovery Enterprise Anoka',NULL,'3301 7th Ave N','Anoka','MN','55303','Anoka',NULL,'(651) 431-5247','Commissioner of Department of Human Services',NULL),
    ('Community Addiction Recovery Enterprise Carlton',NULL,'810 3RD ST STE 102','Carlton','MN','55718-3701','Carlton',NULL,'(218) 384-4106','Commissioner of Department of Human Services',NULL),
    ('Community Addiction Recovery Enterprise St Peter',NULL,'2000 Klein St','Saint Peter','MN','56082','Nicollet',NULL,'(507) 933-5190','Commissioner of Department of Human Services',NULL),
    ('Community Addiction Recovery Enterprise Willmar',NULL,'1801 Technology Dr NE','Willmar','MN','56201','Kandiyohi',NULL,'(320) 231-5468','Commissioner of Department of Human Services',NULL),
    ('Compassion House',NULL,'811 8th St SE','Detroit Lakes','MN','56501','Becker',NULL,'(218) 844-5782','The Refuge Christian Outreach & Resource Center',NULL),
    ('Comunidades Latinas Unidas En Services (Clues)',NULL,'720 E Lake St','Minneapolis','MN','55407','Hennepin',NULL,'(612) 746-3500','CLUES',NULL),
    ('Comunidades Latinas Unidas En Servicio',NULL,'797 E 7th St','Saint Paul','MN','55106','Ramsey',NULL,'(651) 379-4200','CLUES',NULL),
    ('Conceptual Counseling',NULL,'287 E 6th St Suite 300','Saint Paul','MN','55101','Ramsey',NULL,'(651) 221-0334','Conceptual Counseling, Inc',NULL),
    ('Continuum Care Center','https://www.continuumcarecenter.com/new-home','One West Water Street','Saint Paul','MN','55101','Ramsey',NULL,'(651) 888-6103','Continuum Care Center',NULL),
    ('Cook County Wilderness Outpatient Treatment Program',NULL,'411 W 2nd St','Grand Marais','MN','55604','Cook',NULL,'(218) 387-3620','Cook County Public Health and Human Services',NULL),
    ('Counseling Associates LLC',NULL,'111 Market St Ste 4A, 1A & 3C','Winona','MN','55987','Winona',NULL,'(507) 452-5033','Counseling Associates LLC',NULL),
    ('Create',NULL,'2200 E Franklin Ave #200A','Minneapolis','MN','55404','Hennepin',NULL,'(612) 874-9811','Create, Inc.',NULL),
    ('Create South',NULL,'7275 147TH ST W STE 105','Saint Paul','MN','55124-7809','Dakota',NULL,'(612) 874-9811','Create, Inc.',NULL),
    ('Create South 2',NULL,'2428 E 117th St','Burnsville','MN','55337','Dakota',NULL,'(612) 874-9811','Create, Inc.',NULL),
    ('Crecer Services LLC',NULL,'220 ROBERT ST S STE 103','Saint Paul','MN','55107-1626','Ramsey',NULL,'(612) 387-9062','Crecer Services LLC',NULL),
    ('Crown Medical Support Services',NULL,'1925 1ST AVE S','Minneapolis','MN','55403-3724','Hennepin',NULL,'(612) 978-3783','Crown Medical Support Services',NULL),
    ('Dakota County Jail Treatment Program',NULL,'1580 Hwy 55 W','Hastings','MN','55033','Dakota',NULL,'(651) 554-6000','Dakota County Juvenile Services Center',NULL),
    ('Dakota Treatment Center',NULL,'11939 W River Hills Dr','Burnsville','MN','55337','Dakota',NULL,'(952) 890-4480','Metro Treatment of Minnesota LP',NULL),
    ('Daystar Recovery Center',NULL,'921 8TH ST SE','Detroit Lakes','MN','56501-2840','Becker',NULL,'(218) 847-1982','The Refuge Christian Outreach & Resource Center',NULL),
    ('Dimensions in Recovery dba Maple Lake Recovery Centers',NULL,'33 Birch Ave','Maple Lake','MN','55358','Wright',NULL,'(320) 963-6865','Maple Lake Recovery Center Inc',NULL),
    ('Divine Hope Counseling LLC',NULL,'328 SW 3rd St','Willmar','MN','56201','Kandiyohi',NULL,'(320) 231-9763','Divine Hope Counseling LLC',NULL),
    ('Doc''s House','http://www.docsrecoveryhouse.org/','1821 Restoration Rd SW','Rochester','MN','55902','Olmstead',NULL,'(507) 216-3353','Doc''s House',NULL),
    ('Douglas Place Treatment Center LLC',NULL,'1111 Gateway Dr NE','East Grand Forks','MN','56721','Polk',NULL,'(218) 793-0420','Douglas Place Treatment Center LLC',NULL),
    ('Drake Counseling Services Inc',NULL,'28579 US Hwy 10 E','Detroit Lakes','MN','56501','Becker',NULL,'(218) 847-1329','Drake Counseling Services Inc',NULL),
    ('Drake Counseling Services Inc.',NULL,'311 S 4th St. STE 106','Grand Forks','ND','58201',NULL,NULL,'701-757-3200',NULL,NULL),
    ('Drake Counseling Services Inc.',NULL,'1202 23rd Street South','Fargo','ND','58103',NULL,NULL,'701-293-5429',NULL,NULL),
    ('Duluth Bethel Chemical Dependency Services',NULL,'23 Mesaba Ave','Duluth','MN','55806','St. Louis',NULL,'(218) 722-7415','Duluth Bethel Society',NULL),
    ('Duluth Detoxification Center',NULL,'1402 E Superior St','Duluth','MN','55805','St. Louis',NULL,'(218) 723-8444','Center for Alcohol and Drug Tx 400 Torrey Building',NULL),
    ('East African Healing Services',NULL,'2021 E HENNEPIN AVE STE 155','Minneapolis','MN','55413-1772','Hennepin',NULL,'(651) 330-6048','East African Healing Services',NULL),
    ('Effective Living Center, Inc.',NULL,'103 6th St NE','Little Falls','MN','56345','Morrison',NULL,'(320) 632-3166','Effective Living Center, Inc.',NULL),
    ('Effective Living Center, Inc.',NULL,'821 W St Germain','Saint Cloud','MN','56301','Stearns',NULL,'(320) 259-5381','Effective Living Center, Inc.',NULL),
    ('Elite Recovery LLC',NULL,'1137 GRAND AVE','Saint Paul','MN','55105-2629','Ramsey',NULL,'(612) 719-4137','Elite Recovery LLC',NULL),
    ('EmPower CTC',NULL,'602 11th Ave NW Suite 300','Rochester','MN','55901','Olmsted',NULL,'(507) 292-1379','Dunatos, Inc.',NULL),
    ('Empower CTC Wabasha',NULL,'848 17th St E','Wabasha','MN','55981','Wabasha',NULL,'(507) 292-1379','Dunatos, Inc.',NULL),
    ('Empower Recovery Services LLC',NULL,'645 3rd Ave SW','Pine City','MN','55063','Pine',NULL,'(320) 629-0059','Empower Recovery Services LLC',NULL),
    ('Evergreen Recovery',NULL,'1400 Energy Park Dr Ste 21','Saint Paul','MN','55108','Ramsey',NULL,'(651) 468-1303','Evergreen Recovery Inc',NULL),
    ('Fairview Recovery Services',NULL,'20 N Lake Drive, Suite 210','Forest Lake','MN','55025','Washington',NULL,'(651) 982-2091','Fairview Health Services',NULL),
    ('Fairview Recovery Services - Elk River Outpatient',NULL,'1230 School Street','Elk River','MN','55330','Sherburne',NULL,'(763) 241-3531','Fairview Health Services',NULL),
    ('Fairview Recovery Services Maplewood Outpatient',NULL,'1675 BEAM AVE STE 200','Maplewood','MN','55109-1479','Ramsey',NULL,'(651) 779-2200','Fairview Health Services',NULL),
    ('Fairview Recovery Services-Burnsville Outpatient',NULL,'14500 Burnhaven Dr Ste 125','Burnsville','MN','55337','Dakota',NULL,'(952) 892-2510','Fairview Health Services',NULL),
    ('Fairview Recovery Services-Crystal Outpatient Chemical Dependency Prog',NULL,'2960 Winnetka Ave N','Crystal','MN','55427','Hennepin',NULL,'(763) 541-4993','Fairview Health Services',NULL),
    ('Fairview Recovery Services-Edina Outpatient',NULL,'Southdale Place 3400 W 66th St Suite #400','Edina','MN','55435','Hennepin',NULL,'(952) 914-1701','Fairview Health Services',NULL),
    ('Fairview Recovery Services-Minneapolis Inpatient Programs',NULL,'2450 Riverside Ave','Minneapolis','MN','55454','Hennepin',NULL,'(612) 672-2736','Fairview Health Services',NULL),
    ('Faith Family Recovery Center LLC',NULL,'1303 S Frontage Rd Ste 280','Hastings','MN','55033','Dakota',NULL,'(651) 437-1628','Faith Family Recovery Center LLC',NULL),
    ('Family Revelations',NULL,'16405 HAVEN RD','Little Falls','MN','56345-6400','Morrison',NULL,'(651) 319-6484','Family Revelations',NULL),
    ('First Step Recovery',NULL,'3201 Fiechtner Dr. S','Fargo','ND','58103',NULL,NULL,'701-293-3384',NULL,NULL),
    ('Focus Unit St. Joseph''s Medical Center',NULL,'523 N 3rd St','Brainerd','MN','56401','Crow Wing',NULL,'(218) 828-7374','Focus Unit, St. Joseph''s Medical Center',NULL),
    ('Focus XII',NULL,'3220 8th St N','Saint Cloud','MN','56303','Stearns',NULL,'(320) 252-2425','Central Minnesota Mental Health Center',NULL),
    ('Fountain Centers in Albert Lea',NULL,'404 W FOUNTAIN ST','Albert Lea','MN','56007-2437','Freeborn',NULL,'(507) 377-6411','Mayo Clinic Health System Southeast Minnesota Region',NULL),
    ('Fountain Centers in Austin',NULL,'101 14th St NW','Austin','MN','55912','Mower',NULL,'(507) 434-1890','Mayo Clinic Health System Southeast Minnesota Region',NULL),
    ('Fountain Centers in Fairmont',NULL,'828 N North Ave','Fairmont','MN','56031','Martin',NULL,'(507) 238-4382','Mayo Clinic Health System Southeast Minnesota Region',NULL),
    ('Fountain Centers in Faribault',NULL,'2301 NW 4th St','Faribault','MN','55021','Rice',NULL,'(507) 334-6413','Mayo Clinic Health System Southeast Minnesota Region',NULL),
    ('Fountain Centers in Owatonna',NULL,'134 Southview St','Owatonna','MN','55060','Steele',NULL,'(507) 451-0511','Mayo Clinic Health System Southeast Minnesota Region',NULL),
    ('Fountain Centers in Rochester',NULL,'4122 18th Ave NW','Rochester','MN','55901','Olmsted',NULL,'(507) 252-0818','Mayo Clinic Health System Southeast Minnesota Region',NULL),
    ('Fountains Centers in Mankato',NULL,'101 MARTIN LUTHER KING JR DR','Mankato','MN','56001-6460','Blue Earth',NULL,'(507) 377-6411','Mayo Clinic Health System Southeast Minnesota Region',NULL),
    ('Franciscan Health Men''s Recovery House',NULL,'1005 Jackson St','La Crosse','WI','54601',NULL,NULL,'608-392-4542',NULL,NULL),
    ('Franciscan Healthcare Women''s Recovery House',NULL,'518 South 17th St','La Crosse','WI','54601',NULL,NULL,'608-392-6147',NULL,NULL),
    ('Frazier Recovery Services DBA Frazier Wellness Services',NULL,'1515 5TH AVE S STE B','South St Paul','MN','55075-3453','Dakota',NULL,'(651) 895-4440','Elizabeth Rezek',NULL),
    ('Freedom Center',NULL,'102 Crosier Dr N Office #1, 2, 3','Onamia','MN','56359','Mille Lacs',NULL,'(763) 486-7517','C & C Consulting Inc dba Freedom Center',NULL),
    ('Freedom Center',NULL,'105 6th Ave S','Princeton','MN','55371','Mille Lacs',NULL,'(763) 308-0006','C & C Consulting Inc dba Freedom Center',NULL),
    ('Freedom Center',NULL,'133 2nd Ave SW','Cambridge','MN','55008','Isanti',NULL,'(763) 308-0006','C & C Consulting Inc dba Freedom Center',NULL),
    ('Freedom Center',NULL,'140 2nd Ave NE','Milaca','MN','56353','Mille Lacs',NULL,'(763) 308-0006','C & C Consulting Inc dba Freedom Center',NULL),
    ('Gateway Recovery Center LLC',NULL,'6775 CAHILL AVE','Inver Grove Heights','MN','55076-2066','Dakota',NULL,'(651) 698-7358','Gateway Recovery Center LLC',NULL),
    ('GENERATIONS RECOVERY SERVICES LLC',NULL,'220 ROBERT ST S STE 104','Saint Paul','MN','55107-1626','Ramsey',NULL,'(651) 493-9534','GENERATIONS RECOVERY SERVICES LLC',NULL),
    ('Genesis Recovery Services LLC',NULL,'5 N 3rd Ave W Ste 300, 302, 303 & 310','Duluth','MN','55802','St. Louis',NULL,'(218) 722-2368','Genesis Recovery Services LLC',NULL),
    ('Grace Counseling Services',NULL,'21471 Ulysses St Ste 300','East Bethel','MN','55011','Anoka',NULL,'(763) 413-8838','Penny Main-Bennett',NULL),
    ('Haven in Cloquet (The)',NULL,'1003 Cloquet Ave, Suite#117- Cloquet','Cloquet','MN','55720','Carlton',NULL,'(218) 879-5545','Haven Chemical Health Systems LLC',NULL),
    ('Haven in Shakopee (The)',NULL,'235 1ST AVE E','Shakopee','MN','55379-1440','Scott',NULL,'(952) 496-3366','Haven Chemical Health Systems LLC',NULL),
    ('Haven in Wacaonia (The)',NULL,'233 W 1ST ST','Waconia','MN','55387-1302','Carver',NULL,'(952) 442-6227','Haven Chemical Health Systems LLC',NULL),
    ('Haven in Woodbury (The)',NULL,'2042 Wooddale Dr., Suite 220','Woodbury','MN','55125','Washington',NULL,'(651) 734-9633','Haven Chemical Health Systems LLC',NULL),
    ('Hazelden Betty Ford St Paul',NULL,'680 STEWART AVE','Saint Paul','MN','55102-4117','Ramsey',NULL,'(651) 292-2450','Hazelden Betty Ford Foundation',NULL),
    ('Hazelden Chaska',NULL,'1107 Hazeltine Boulevard Ste 300 MD 67','Chaska','MN','55318','Carver',NULL,'(952) 679-2920','Hazelden Betty Ford Foundation',NULL),
    ('Hazelden Maple Grove',NULL,'7001 E Fish Lake Rd Ste 120','Maple Grove','MN','55311','Hennepin',NULL,'(763) 420-4680','Hazelden Betty Ford Foundation',NULL),
    ('Hazelden Plymouth',NULL,'11505 36th Ave N','Plymouth','MN','55441','Hennepin',NULL,'(763) 509-3800','Hazelden Betty Ford Foundation',NULL),
    ('Hazelden Plymouth',NULL,'11505 36th Ave N','Plymouth','MN','55441','Hennepin',NULL,'(763) 509-3800','Hazelden Betty Ford Foundation',NULL),
    ('Hazelden Recovery Services',NULL,'15251 Pleasant Valley Rd','Center City','MN','55012-0011','Chisago',NULL,'(651) 213-4000','Hazelden Betty Ford Foundation',NULL),
    ('Hazelden Recovery Services',NULL,'15251 Pleasant Valy Rd','Center City','MN','55012-0011','Chisago',NULL,'(651) 213-4000','Hazelden Betty Ford Foundation',NULL),
    ('HCMC Addiction Medicine Program',NULL,'914 S 8th St','Minneapolis','MN','55404','Hennepin',NULL,'(612) 873-5500','Hennepin Healthcare System Inc dba HC Medical Center',NULL),
    ('HDC Addiction Services',NULL,'1401 E 1st St','Duluth','MN','55805','St. Louis',NULL,'(218) 728-4491','Human Development Center, Inc.',NULL),
    ('Healing Grace LLC',NULL,'310 US 71 N','Sauk Centre','MN','56378-4919','Stearns',NULL,'(320) 272-8989','Healing Grace LLC',NULL),
    ('Hiawatha Valley Mental Health',NULL,'420 E SARNIA ST STE 2100','Winona','MN','55987-6414','Winona',NULL,'(507) 454-4341','Hiawatha Valley Mental Health Center',NULL),
    ('Hiawatha Valley Mental Health Center',NULL,'313 4th Street South','La Crosse','WI','54601',NULL,NULL,'608-796-1168',NULL,NULL),
    ('Hiawatha Valley Mental Health Center',NULL,'221 S KINGSTON ST','Caledonia','MN','55921-0000','Houston',NULL,'(507) 725-2022','Hiawatha Valley Mental Health Center',NULL),
    ('Hope Counseling LLC',NULL,'1903 GREELEY ST S STE 201','Stillwater','MN','55082-6279','Washington',NULL,'(651) 214-0975','Fatai A Popoola',NULL),
    ('Hope House of Itasca County',NULL,'2002 Cromell Dr','La Prairie','MN','55744','Clearwater',NULL,'(218) 326-1443','Hope House of Itasca County, Inc.',NULL),
    ('Hope Unit St. Francis',NULL,'2400 St. Francis Dr.','Breckenridge','MN','56520','Wilkin',NULL,'(218) 643-0499','St Francis',NULL),
    ('House of Charity Day by Day Program',NULL,'810 S 7TH ST','Minneapolis','MN','55415-1702','Hennepin',NULL,'(612) 594-2029','House Of Charity',NULL),
    ('House of Hope',NULL,'1429 Third Ave','Mankato','MN','56001-0291','Blue Earth',NULL,'(507) 625-4373','House of Hope, Inc.',NULL),
    ('House of Hope Inc',NULL,'201 PARK ROW','Saint Peter','MN','56082-2079','Nicollet',NULL,'(507) 385-8773','House of Hope, Inc.',NULL),
    ('House of Hope Inc',NULL,'12 CIVIC CENTER PLZ STE 2116','Mankato','MN','56001-7789','Blue Earth',NULL,'(507) 345-4670','House of Hope, Inc.',NULL),
    ('House of Hope Inc III',NULL,'1100 Indus St','Fairmont','MN','56301','Martin',NULL,'(507) 625-4373','House of Hope, Inc.',NULL),
    ('House of Hope Waseca',NULL,'299 JOHNSON AVE SW STE 280','Waseca','MN','56093-2538','Waseca',NULL,'(507) 385-7614','House of Hope, Inc.',NULL),
    ('House of Hope, Inc.',NULL,'1614 3rd Ave','Mankato','MN','56001','Blue Earth',NULL,'(507) 388-9830','House of Hope, Inc.',NULL),
    ('House of Opportunity LLC',NULL,'1813 S 6th St Ste 101','Minneapolis','MN','55454','Hennepin',NULL,'(763) 227-9957','House of Opportunity LLC',NULL),
    ('Howard Friese Hillside House',NULL,'714 N 11th Ave E','Duluth','MN','55805','St. Louis',NULL,'(218) 723-8444','Center for Alcohol and Drug Tx 400 Torrey Building',NULL),
    ('Howard Friese House for Men',NULL,'1520 E 2nd st','Duluth','MN','55812','St. Louis',NULL,'(218) 723-8444','Center for Alcohol and Drug Tx 400 Torrey Building',NULL),
    ('Human Development Center Addiction Services Cloquet',NULL,'40 11TH ST','Cloquet','MN','55720-1817','Carlton',NULL,'(218) 730-2387','Human Development Center, Inc.',NULL),
    ('Huss Center for Recovery Minneapolis',NULL,'2120 PARK AVE','Minneapolis','MN','55404-3378','Hennepin',NULL,'(612) 872-2020','People Incorporated',NULL),
    ('Hutchinson Health',NULL,'1071 Hwy 15 S','Hutchinson','MN','55350','McLeod',NULL,'(320) 484-4610','Hutchinson Health',NULL),
    ('Independent Management Services',NULL,'226 W CLARK ST','Albert Lea','MN','56007-2548','Freeborn',NULL,'(507) 437-6389','Independent Management Services',NULL),
    ('Inspire Services LLC',NULL,'100 OAK AVE SW','Montgomery','MN','56069-1243','Le Sueur',NULL,'(507) 364-5312','Inspire Services, LLC',NULL),
    ('Inspire Services LLC',NULL,'922 SWIFT ST','Saint Peter','MN','56082-1844','Nicollet',NULL,'(507) 364-5312','Inspire Services, LLC',NULL),
    ('Integrations Wellness & Recovery Center LLC',NULL,'504 E Highland Park Drive NE','Hutchinson','MN','55350','McLeod',NULL,'(320) 434-1312','Integrations Wellness & Recovery Center LLC',NULL),
    ('Judy Retterath Withdrawal Management Center',NULL,'3409 E MEDICINE LAKE BLVD','Plymouth','MN','55441-2307','Hennepin',NULL,'(763) 559-1402','Missions, Inc. Programs',NULL),
    ('Juel Fairbanks Chemical Dependency Services',NULL,'806-804 N Albert St','Saint Paul','MN','55104','Ramsey',NULL,'(651) 644-6204','Juel Fairbanks Chemical Dependency Services',NULL),
    ('Kai Shin Treatment',NULL,'1919 UNIVERSITY AVE W','Saint Paul','MN','55104-3453','Ramsey',NULL,'(651) 447-3755','Sasaki Medical LLC dba Kai Shin Clinic',NULL),
    ('Kato Project 3',NULL,'380 Annandale Blvd','Annandale','MN','55302','Wright',NULL,'(507) 327-9890','Malinda May Kranz Marble',NULL),
    ('Kato Project 3',NULL,'13637 60th St SW','Cokato','MN','55321','Wright',NULL,'(507) 327-9890','Malinda May Kranz Marble',NULL),
    ('Kato Project 3',NULL,'515 N RIVERFRONT DR STE 160','Mankato','MN','56001-3471','Blue Earth',NULL,'(507) 327-9890','Malinda May Kranz Marble',NULL),
    ('Keystone Treatment Center',NULL,'1010 East 2nd St.','Canton','SD','57013',NULL,NULL,'605-987-2751',NULL,NULL),
    ('Keystone Treatment Center',NULL,'3800 S. Kiwanis Avenue (7/26/2016) previous address was 7511 S. Louise Ave. Souix Falls','Souix Falls','SD','57105',NULL,NULL,'605-335-1820',NULL,NULL),
    ('Khunsi Onikan','https://aifcmn.org/services/recovery/','579 Wells St','Saint Paul','MN','55130','Ramsey',NULL,'(651) 793-3803','American Indian Family Center',NULL),
    ('Kindred Adolescent Recovery Services at Family Life',NULL,'1930 Coon Rapids Blvd NW','Coon Rapids','MN','55433','Anoka',NULL,NULL,'People Incorporated',NULL),
    ('Kingdom Pathways',NULL,'1088 University Ave W','Saint Paul','MN','55104','Ramsey',NULL,'(651) 387-8393','Kingdom Pathways',NULL),
    ('Kinnic Falls ADA Services Inc',NULL,'900 South Orange St.','River Falls','WI','54022',NULL,NULL,'715-426-5950',NULL,NULL),
    ('Lake Country Associates SUDS',NULL,'11 NW Main','Menahga','MN','56464','Wadena',NULL,'(218) 564-9229','Lake Country Associates',NULL),
    ('Lake Region Halfway Homes, Inc.',NULL,'217 N UNION AVE','Fergus Falls','MN','56537-2127','Otter Tail',NULL,'(218) 739-9084','Lake Region Halfway Homes Inc.',NULL),
    ('Lake Shore Treatment Center LLC',NULL,'140 Quail St','Mahtomedi','MN','55115','Washington',NULL,'(612) 326-7600','Meridian Behavioral Health LLC',NULL),
    ('Lakeland Mental Health Center Outpatient CD',NULL,'980 South Tower Rd','Fergus Falls','MN','56537','Otter Tail',NULL,'(218) 736-6987','Lakeland Mental Health Center',NULL),
    ('Lakeland Recovery LLC',NULL,'3427 CENTRAL AVE NE','Minneapolis','MN','55418-1221','Hennepin',NULL,'(612) 788-9757','Lakeland Recovery LLC',NULL),
    ('Lakeplace Retreat Center, Inc.',NULL,'25704 County Rd 338','Bovey','MN','55709','Itasca',NULL,'(218) 245-1395','Lakeplace Retreat Center, Inc.',NULL),
    ('Lakes Counseling Center',NULL,'1000 8th Street SE','Detroit Lakes','MN','56501','Becker',NULL,'(218) 847-0696','Lakes Counseling Center',NULL),
    ('Lakeside Academy',NULL,'100 Garrison Ave NE','Buffalo','MN','55313-0000','Wright',NULL,'(612) 238-6700','Minnesota Adult & Teen Challenge',NULL),
    ('Lakeview Behavioral Health',NULL,'516 S Pokegama Ave','Grand Rapids','MN','55744','Itasca',NULL,'(218) 327-2001','Lakeview Behavioral Health Inc',NULL),
    ('Lakeview Behavioral Health',NULL,'2729 E 13th Ave','Hibbing','MN','55746','St. Louis',NULL,'(218) 327-2001','Lakeview Behavioral Health Inc',NULL),
    ('Latitudes Treatment Center LLC',NULL,'1609 Jackson St','Saint Paul','MN','55117','Ramsey',NULL,'(612) 326-7600','Latitudes Treatment Center LLC',NULL),
    ('Life Development Resources',NULL,'7650 160TH ST W','Lakeville','MN','55044-4442','Dakota',NULL,'(952) 898-1133','Life Development Resources PA',NULL),
    ('Life Development Resources',NULL,'7580 160th St W','Lakeville','MN','55044','Dakota',NULL,'(952) 898-1133','Life Development Resources PA',NULL),
    ('Life Transformations LLC',NULL,'227 6th St N','Breckenridge','MN','56520','Wilkin',NULL,NULL,'Life Transformations LLC',NULL),
    ('Lifechoices',NULL,'5701 SHINGLE CREEK PKWY STE 650','Brooklyn Center','MN','55430-2492','Hennepin',NULL,'(612) 328-4819','One Touch of Christ Evangelistic Ministries',NULL),
    ('Liferefine Company',NULL,'6901 78th Ave N Ste 106','Minneapolis','MN','55445','Hennepin',NULL,'(888) 894-1037','Liferefine Company',NULL),
    ('Living Free Recovery Services LLC',NULL,'9201 75TH AVE N','Brooklyn Park','MN','55428-1024','Hennepin',NULL,'(763) 315-7170','Living Free Recovery Services LLC',NULL),
    ('Lone Wolf Recovery LLC',NULL,'471 2nd St N','Winsted','MN','55395','McLeod',NULL,'(320) 485-2323','Lone Wolf Recovery LLC',NULL),
    ('Lotus Recovery LLC',NULL,'1 W Water St','Saint Paul','MN','55107','Ramsey',NULL,'(651) 703-3336','Lotus Recovery LLC',NULL),
    ('Lotus Transitional Services LLC',NULL,'428 Monroe St','Eveleth','MN','55734','St. Louis',NULL,'(218) 744-4040','Lotus Transitional Services LLC',NULL),
    ('MABS Recovery Center LLC',NULL,'5941 Washburn Ave','Minneapolis','MN','55410','Hennepin',NULL,'(612) 709-3686','MABS Recovery Center LLC',NULL),
    ('Mankato Dual Diagnosis Intensive Outpatient',NULL,'44 GOOD COUNSEL DR','Mankato','MN','56001-6599','Blue Earth',NULL,'(262) 345-5526','Christian Family Counseling',NULL),
    ('Margaret''s House',NULL,'2535 Condon Court','Mendota Heights','MN','55120','Dakota',NULL,'(651) 686-0518','Haven Chemical Health Systems LLC',NULL),
    ('Marty Mann House for Women',NULL,'2211 Greysolon Rd','Duluth','MN','55812','St. Louis',NULL,'(218) 529-1130','Center for Alcohol and Drug Tx 400 Torrey Building',NULL),
    ('Mayo Clinic Addiction Services Generose 1 East',NULL,'1216 2nd Street SW','Rochester','MN','55905','Olmsted',NULL,'(507) 255-4151','Mayo Clinic',NULL),
    ('Meadow Creek LLC',NULL,'17305 Meadow Creek Lane','Pine City','MN','55063','Pine',NULL,'(763) 444-4838','Meadow Creek LLC',NULL),
    ('Mental Health Resources Inc','http://www.mhresources.org/sud-peer-support-center','762 TRANSFER RD STE 21 24','Saint Paul','MN','55114-4506','Ramsey',NULL,'(615) 659-2900','Mental Health Resources Inc',NULL),
    ('Metro Care Human Services',NULL,'6043 Hudson Rd Ste 340','Woodbury','MN','55125','Washington',NULL,'(651) 239-2062','Kubei Holding Group LLC',NULL),
    ('Micah Halfway House (The)',NULL,'3047 5th Ave S','Minneapolis','MN','55408','Hennepin',NULL,'(612) 827-0484','Micah Halfway House (The)',NULL),
    ('Mid Range Chemical Dependency Services Inc',NULL,'522 E Howard St Ste 101','Hibbing','MN','55746','St. Louis',NULL,'(218) 262-0860','Mid Range Chemical Dependency Services Inc',NULL),
    ('Midwest Recovery',NULL,'303 1ST AVE NE','Faribault','MN','55021-5268','Rice',NULL,'(507) 225-0201','Midwest Recovery Inc',NULL),
    ('Midwest Recovery & Primer Paso',NULL,'2626 E 82ND ST STE 305','Bloomington','MN','55425-1683','Hennepin',NULL,'(612) 584-4860','Midwest Recovery Inc',NULL),
    ('Midwest Recovery Inc',NULL,'217 PLUM ST STE 220','Red Wing','MN','55066-4840','Goodhue',NULL,'(651) 846-9010','Midwest Recovery Inc',NULL),
    ('Milestones Recovery Inc',NULL,'504 PLYMOUTH RD','Hopkins','MN','55305-1045','Hennepin',NULL,'(612) 845-9692','Milestones Recovery Inc',NULL),
    ('Minnesota Adult & Teen Challenge',NULL,'2 E 2ND ST','Duluth','MN','55802-2013','St. Louis',NULL,'(218) 740-5500','Minnesota Adult & Teen Challenge',NULL),
    ('Minnesota Adult & Teen Challenge - Rochester Women''s Center',NULL,'1542 Assisi Dr NW','Rochester','MN','55901','Olmsted',NULL,'(507) 288-3733','Minnesota Adult & Teen Challenge',NULL),
    ('Minnesota Adult & Teen Challenge Life Renewal',NULL,'1530 Assisi Dr NW','Rochester','MN','55901','Olmsted',NULL,'(612) 373-3366','Minnesota Adult & Teen Challenge',NULL),
    ('Minnesota Alternatives',NULL,'7766 NE Hwy 65','Spring Lake Park','MN','55432','Anoka',NULL,'(763) 789-4895','Mental Health Resources Inc',NULL),
    ('Minnesota Alternatives',NULL,'762 Transfer Road, Suite 21','Saint Paul','MN','55114','Ramsey',NULL,'763-276-9423','Mental Health Resources',NULL),
    ('Minnesota Hope Dealerz','https://www.minnesotahopedealerz.org/',NULL,'Minneapolis','MN',NULL,'Hennepin',NULL,'612-504-2047','Minnesota Hope Dealerz',NULL),
    ('Minnesota Recovery Connection','https://minnesotarecovery.org/','800 Transfer Rd, Suite 31','Saint Paul','MN','55114','Ramsey',NULL,'612.584.4158','Minnesota Recovery Connection',NULL),
    ('MN Adult & Teen Challenge',NULL,'1619 Portland Ave S 1st Floor','Minneapolis','MN','55404','Hennepin',NULL,'(612) 373-3366','Minnesota Adult & Teen Challenge',NULL),
    ('MN Adult & Teen Challenge',NULL,'2756 DOUGLAS DR N','Crystal','MN','55422-2402','Hennepin',NULL,'(612) 373-3366','Minnesota Adult & Teen Challenge',NULL),
    ('MN Adult & Teen Challenge',NULL,'40 16TH ST SE','Rochester','MN','55904-7987','Olmsted',NULL,'(612) 373-3366','Minnesota Adult & Teen Challenge',NULL),
    ('MN Adult & Teen Challenge',NULL,'1717 - 1725 Second Ave','Minneapolis','MN','55403','Hennepin',NULL,'(612) 373-3366','Minnesota Adult & Teen Challenge',NULL),
    ('MN Adult & Teen Challenge Community Outpatient/Life Renewal',NULL,'3201 & 3231 1st Ave S','Minneapolis','MN','55408','Hennepin',NULL,'(612) 373-3366','Minnesota Adult & Teen Challenge',NULL),
    ('MN Adult & Teen Challenge Life Renewal','https://www.mntc.org/','1 East 1st St Ste 100','Duluth','MN','55802','St. Louis',NULL,'(218) 529-3733','Minnesota Adult & Teen Challenge',NULL),
    ('MN Indian Women''s Resource Center',NULL,'2300 15th Ave S','Minneapolis','MN','55404','Hennepin',NULL,'(612) 728-2000','Nokomis Endaad Shki Bimaadzi Mikaana',NULL),
    ('My Home Inc',NULL,'651 University Ave','Saint Paul','MN','55104','Ramsey',NULL,'(651) 659-0359','My Home, Inc.',NULL),
    ('New Beginnings Minnesota LLC 5th St',NULL,'105 S 5th St','Olivia','MN','56277','Renville',NULL,'(800) 487-8758','New Beginnings Minnesota LLC',NULL),
    ('New Beginnings Minnesota LLC Evans',NULL,'19230 Evans St Ste 203','Elk River','MN','55330','Sherburne',NULL,'(800) 487-8758','New Beginnings Minnesota LLC',NULL),
    ('New Beginnings Minnesota LLC Holcombe',NULL,'114 N Holcombe','Litchfield','MN','55355','Meeker',NULL,'(800) 487-8758','New Beginnings Minnesota LLC',NULL),
    ('New Beginnings Minnesota LLC Sunrise',NULL,'320 Sunrise Dr Ste B','Saint Peter','MN','56082','Nicollet',NULL,'(800) 487-8758','New Beginnings Minnesota LLC',NULL),
    ('New Beginnings Waverly LLC Estes',NULL,'7300 Estes Ave','Waverly','MN','55390','Wright',NULL,'(800) 487-8758','New Beginnings Waverly LLC',NULL),
    ('New Beginnings Waverly LLC North Shore Drive',NULL,'109 North Shore Drive','Waverly','MN','55390','Wright',NULL,'(800) 487-8758','New Beginnings Waverly LLC',NULL),
    ('New Freedom Inc',NULL,'20 3RD ST NE','Aitkin','MN','56431-1422','Aitkin',NULL,'(763) 220-5483','New Freedom Inc',NULL),
    ('New Freedom Inc',NULL,'3162 90th Ave','Princeton','MN','55371','Mille Lacs',NULL,'(763) 220-5483','New Freedom Inc',NULL),
    ('New Freedom Inc',NULL,'1101 5th St N','Princeton','MN','55371','Mille Lacs',NULL,'(763) 220-5483','New Freedom Inc',NULL),
    ('New Life Treatment Center',NULL,'130 Dakota Street','Woodstock','MN','56186','Pipestone',NULL,'(507) 777-4321','New Life Treatment Center',NULL),
    ('New Life Treatment Center',NULL,'130 Dakota Street','Woodstock','MN','56186','Pipestone',NULL,'(507) 777-4321','New Life Treatment Center',NULL);
    
--SECOND IMPORT ENDS @ LINE 536--
INSERT INTO provider VALUES
    ('New Ulm Medical Center Substance Abuse Treatment Service',NULL,'1324 5th St N','New Ulm','MN','56073','Brown',NULL,'(507) 217-5118','Allina Health System',NULL),
    ('New Visions Center',NULL,'909 Broadway St','Alexandria','MN','56308','Douglas',NULL,'(320) 763-3912','Thrive Behavioral Network IV LLC',NULL),
    ('New Visions Center',NULL,'222 9th Ave W','Alexandria','MN','56308','Douglas',NULL,'(320) 763-3912','Thrive Behavioral Network IV LLC',NULL),
    ('New Visions Center of Morris',NULL,'712 Atlantic Ave','Morris','MN','56267','Stevens',NULL,'(320) 585-6180','Thrive Behavioral Network IV LLC',NULL),
    ('New Youth Redevelopment Program',NULL,'2507 BRYANT AVE N','Minneapolis','MN','55411-2116','Hennepin',NULL,'(612) 522-2951','New Salem Youth Redevelopment Program',NULL),
    ('Nivon Wellness Center LLC',NULL,'800 MINNEHAHA AVE E STE 250 445','Saint Paul','MN','55106-4437','Ramsey',NULL,'(612) 564-8073','Nivon Wellness Center LLC',NULL),
    ('Nivon Wellness Center LLC',NULL,'7501 80TH ST S STE 108','Cottage Grove','MN','55016-4121','Washington',NULL,'(612) 564-8073','Nivon Wellness Center LLC',NULL),
    ('North Homes Children & Family Services',NULL,'4225 Technology Dr NW','Bemidji','MN','56601','Beltrami',NULL,'(218) 751-0282','North Homes, Inc.',NULL),
    ('North Homes Children & Family Services',NULL,'1231 5th St NW','Bemidji','MN','56601','Beltrami',NULL,'(218) 751-0282','North Homes, Inc.',NULL),
    ('North Homes Children and Family Services',NULL,'413 SE 13th St','Grand Rapids','MN','55744','Itasca',NULL,'(218) 999-9908','North Homes, Inc.',NULL),
    ('Northern Integrated Health Inc dba Professional Counseling Center',NULL,'6200 EXCELSIOR BLVD STE 202, 203, & 204','St Louis Park','MN','55416-2734','Hennepin',NULL,NULL,'No Integrated Hlth Inc dba Prof Counseling Center',NULL),
    ('Northern Minnesota Addiction Wellness Center',NULL,'4851 Stacy Ann Dr NW','Bemidji','MN','56601','Beltrami',NULL,'(952) 250-6641','Northern Minnesota Addiction Wellness Center Outpatient',NULL),
    ('Northern Minnesota Addiction Wellness Center Outpatient',NULL,'408 BELTRAMI AVE NW STE 200','Bemidji','MN','56601-3222','Beltrami',NULL,'(952) 250-6641','Northern Minnesota Addiction Wellness Center Outpatient',NULL),
    ('Northern Pines Chemical Health Services Aitkin',NULL,'13 3rd St NE','Aitkin','MN','56431','Aitkin',NULL,'(218) 928-8003','Northern Pines Mental Health Center Inc',NULL),
    ('Northern Pines Chemical Health Services Little Falls',NULL,'1906 5th Ave SE','Little Falls','MN','56345','Morrison',NULL,'(218) 839-7796','Northern Pines Mental Health Center Inc',NULL),
    ('Northern Pines Mental Health Center Chemical Health Services Wadena',NULL,'11 Second St SW Ste 1','Wadena','MN','56482','Wadena',NULL,'(218) 631-1714','Northern Pines Mental Health Center Inc',NULL),
    ('Northern Pines Mental Health Center Inc',NULL,'823 Maple St','Brainerd','MN','56401','Crow Wing',NULL,'(218) 454-3821','Northern Pines Mental Health Center Inc',NULL),
    ('Northland Recovery Center',NULL,'1215 SE 7th Ave','Grand Rapids','MN','55744','Itasca',NULL,'(218) 327-1105','Northland Counseling Center, Inc.',NULL),
    ('Northland Recovery Center',NULL,'1215 SE 7th Ave','Grand Rapids','MN','55744','Itasca',NULL,'(218) 327-1105','Northland Counseling Center, Inc.',NULL),
    ('Northland Recovery Pineview Center',NULL,'2000 Spruce St','International Falls','MN','56649','Koochiching',NULL,NULL,'Northland Counseling Center, Inc.',NULL),
    ('Northland Recovery Women''s Center',NULL,'213 SE 11th Street','Grand Rapids','MN','55744','Itasca',NULL,'(218) 327-1890','Northland Counseling Center, Inc.',NULL),
    ('Northland Recovery Women''s Center',NULL,'510 SE 13th St','Grand Rapids','MN','55744','Itasca',NULL,'(218) 327-2570','Northland Counseling Center, Inc.',NULL),
    ('Northstar Behavioral Health',NULL,'1174 WESTERN AVE','Fergus Falls','MN','56537-4808','Otter Tail',NULL,'(651) 487-4987','Northstar Behavioral Health LLC',NULL),
    ('Northstar Behavioral Health Cranberry Acres LLC',NULL,'5810 Cranberry Dr','Linwood','MN','55092','Anoka',NULL,'(651) 408-8060','Northstar Behavioral Health LLC',NULL),
    ('Northstar Behavioral Health Geneva',NULL,'5713 Geneva Ave','Oakdale','MN','55128','Washington',NULL,'(651) 487-4987','Northstar Behavioral Health LLC',NULL),
    ('Northstar Behavioral Health LLC Northend',NULL,'924 RICE ST','Saint Paul','MN','55117-4987','Ramsey',NULL,'(651) 487-4987','Northstar Behavioral Health LLC',NULL),
    ('Northstar Behavioral Health LLC Water St',NULL,'35 WATER ST W','Saint Paul','MN','55107-2046','Ramsey',NULL,'(651) 376-4976','Northstar Behavioral Health LLC',NULL),
    ('Northstar Behavioral Health St Cloud',NULL,'600 25TH AVE S STE 207','Saint Cloud','MN','56301-4866','Stearns',NULL,'(651) 487-4987','Northstar Behavioral Health LLC',NULL),
    ('NorthStar Outpatient Program',NULL,'1055 STOUGHTON AVE','Chaska','MN','55318-2149','Carver',NULL,'(952) 217-4029','NorthStar Regional',NULL),
    ('Northstar Regional Co Occurring Intensive Outpatient Maple Grove',NULL,'7384 KIRKWOOD CT N STE 200','Maple Grove','MN','55369-5270','Hennepin',NULL,'(763) 898-3838','NorthStar Regional',NULL),
    ('NorthStar Regional Co-Occurring Disorders Program',NULL,'7945 Stone Creek Dr #30','Chanhassen','MN','55317','Carver',NULL,'(952) 974-3999','NorthStar Regional',NULL),
    ('NorthStar Regional Jail Program',NULL,'606 E 4th St','Chaska','MN','55318','Carver',NULL,'(952) 448-6557','NorthStar Regional',NULL),
    ('Northstar Regional Mens Residential Treatment Center',NULL,'1250 Lincoln St','Shakopee','MN','55379','Scott',NULL,NULL,'NorthStar Regional',NULL),
    ('NorthStar Regional Outpatient Program',NULL,'102 E 2nd St Ste 110B','Chaska','MN','55318','Carver',NULL,'(952) 448-6557','NorthStar Regional',NULL),
    ('NorthStar Regional Outpatient Program',NULL,'1045 Stoughton Ave','Chaska','MN','55318','Carver',NULL,'(952) 448-6557','NorthStar Regional',NULL),
    ('NorthStar Regional Womens Residential Treatment Program',NULL,'320 N Walnut St','Chaska','MN','55318','Carver',NULL,'(952) 448-6557','NorthStar Regional',NULL),
    ('Northwestern Mental Health Center EGF',NULL,'1424 CENTRAL AVE NW #12','East Grand Forks','MN','56721-1605','Polk',NULL,'(218) 773-6102','Northwestern Mental Health Center',NULL),
    ('Nurturing House LLC',NULL,'1821 UNIVERSITY AVE W STE 206','Saint Paul','MN','55104-2893','Ramsey',NULL,'(763) 286-8124','Nurturing House LLC',NULL),
    ('Nuway','https://www.nuway.org/','1246 University Ave W','Saint Paul','MN','55104','Ramsey',NULL,'(612) 767-0309','Nuway House, Inc.',NULL),
    ('NUWAY','https://www.nuway.org/','300 11TH AVE NW STE 120','Rochester','MN','55901-2739','Olmsted',NULL,'(612) 767-0309','Nuway House, Inc.',NULL),
    ('NUWAY','https://www.nuway.org/','4615 GRAND AVE','Duluth','MN','55807-2749','St. Louis',NULL,'(612) 294-9262','Nuway House, Inc.',NULL),
    ('Nuway House Inc','https://www.nuway.org/','2118 Blaisdell Ave','Minneapolis','MN','55404','Hennepin',NULL,'(612) 235-4677','Nuway House, Inc.',NULL),
    ('Nuway House, Inc.','https://www.nuway.org/','2200 1st Ave S','Minneapolis','MN','55404','Hennepin',NULL,'(612) 871-7567','Nuway House, Inc.',NULL),
    ('Nuway II','https://www.nuway.org/','2518 1st Ave S','Minneapolis','MN','55404','Hennepin',NULL,'(612) 872-0506','Nuway House, Inc.',NULL),
    ('Nuway III','https://www.nuway.org/','2104 STEVENS AVE','Minneapolis','MN','55404-2533','Hennepin',NULL,'(612) 767-0309','Nuway House, Inc.',NULL),
    ('NWMHC Northwestern Chemical Health Services',NULL,'603 Bruce St','Crookston','MN','56716','Polk',NULL,'(218) 281-3940','Northwestern Mental Health Center',NULL),
    ('Nystrom & Associates',NULL,'201 N BROAD ST STE 200','Mankato','MN','56001-3569','Blue Earth',NULL,'(507) 225-1500','Nystrom & Associates Ltd',NULL),
    ('Nystrom & Associates Ltd',NULL,'101 Dehler Dr','Sartell','MN','56377','Stearns',NULL,'(218) 631-5993','Nystrom & Associates Ltd',NULL),
    ('Nystrom & Associates Ltd',NULL,'1101 E 78th St Ste 100','Bloomington','MN','55431','Hennepin',NULL,'(651) 604-3280','Nystrom & Associates Ltd',NULL),
    ('Nystrom & Associates Ltd',NULL,'11010 Prairie Lakes Drive #350','Eden Prairie','MN','55344','Hennepin',NULL,'(952) 746-2522','Nystrom & Associates Ltd',NULL),
    ('Nystrom & Associates Ltd',NULL,'11660 ROUND LAKE BLVD NW','Minneapolis','MN','55433-0000','Anoka',NULL,'(763) 767-3350','Nystrom & Associates Ltd',NULL),
    ('Nystrom & Associates Ltd',NULL,'13045 Falcon Dr','Baxter','MN','56425','Crow Wing',NULL,'(218) 829-9307','Nystrom & Associates Ltd',NULL),
    ('Nystrom & Associates Ltd',NULL,'13603 80th Circle N','Maple Grove','MN','55369','Hennepin',NULL,'(763) 416-1489','Nystrom & Associates Ltd',NULL),
    ('Nystrom & Associates Ltd',NULL,'1600 Highway 55','Hastings','MN','55033','Dakota',NULL,'(651) 438-8399','Nystrom & Associates Ltd',NULL),
    ('Nystrom & Associates Ltd',NULL,'1811 Weir Dr Ste 270','Woodbury','MN','55125','Washington',NULL,'(651) 714-9646','Nystrom & Associates Ltd',NULL),
    ('Nystrom & Associates LTD',NULL,'207 Jefferson Blvd','Big Lake','MN','55309','Sherburne',NULL,'(763) 367-6080','Nystrom & Associates Ltd',NULL),
    ('Nystrom & Associates Ltd',NULL,'332 W Superior St','Duluth','MN','55802','St. Louis',NULL,'(218) 722-4379','Nystrom & Associates Ltd',NULL),
    ('Nystrom & Associates Ltd',NULL,'817 N Main St','Cambridge','MN','55008','Isanti',NULL,'(763) 325-0300','Nystrom & Associates Ltd',NULL),
    ('Nystrom & Associates LTD',NULL,'9245 Quantrelle Ave','Otsego','MN','55330','Wright',NULL,'(763) 746-9492','Nystrom & Associates Ltd',NULL),
    ('Nystrom & Associates Ltd',NULL,'401 16th St SE','Rochester','MN','55904','Olmsted',NULL,'(507) 516-0300','Nystrom & Associates Ltd',NULL),
    ('Nystrom & Associates, Ltd',NULL,'1900 Silver Lk Rd, Suite 110','New Brighton','MN','55112','Ramsey',NULL,'(651) 628-9566','Nystrom & Associates Ltd',NULL),
    ('Nystrom & Associates, Ltd.',NULL,'7300 W 147th St Ste 204','Apple Valley','MN','55124','Dakota',NULL,'(952) 997-3020','Nystrom & Associates Ltd',NULL),
    ('Nystrom & Assosciates Ltd',NULL,'10729 TOWN SQUARE DR NE','Blaine','MN','55449-0000','Anoka',NULL,'(651) 628-9566','Nystrom & Associates Ltd',NULL),
    ('Nystrom & Assosciates Ltd',NULL,'6600 FRANCE AVE S STE 425','Edina','MN','55435-1808','Hennepin',NULL,'(651) 628-9566','Nystrom & Associates Ltd',NULL),
    ('Nystrom & Assosciates Ltd',NULL,'2405 8TH ST S STE 200','Moorhead','MN','56560-4224','Clay',NULL,'(218) 331-4866','Nystrom & Associates Ltd',NULL),
    ('Nystrom and Associates LTD',NULL,'13100 Wayzata Blvd Ste 200','Minnetonka','MN','55305','Hennepin',NULL,'(952) 206-2040','Nystrom & Associates Ltd',NULL),
    ('Oakridge Treatment Center LLC',NULL,'4800 48th St NE','Haverhill','MN','55906','Olmsted',NULL,'(507) 289-2753','Oakridge Treatment Center LLC',NULL),
    ('Omada Behvioral Health-Downtown Northfield',NULL,'401 Division St Suite A','Northfield','MN','55057','Rice',NULL,'(507) 664-9407','Omada, Inc.',NULL),
    ('One Twelve',NULL,'11115 Minnetonka Blvd','Hopkins','MN','55305','Hennepin',NULL,'(952) 513-7475','One Twelve',NULL),
    ('One Twelve',NULL,'1354 Hampshire Ave','St Louis Park','MN','55426','Hennepin',NULL,'(952) 513-7475','One Twelve',NULL),
    ('One Twelve',NULL,'12401 Minnetonka Blvd','Minnetonka','MN','55305','Hennepin',NULL,'(952) 426-3266','One Twelve',NULL),
    ('Open Arms',NULL,'3300 COUNTY ROAD 10 STE 100','Brooklyn Center','MN','55429-3064','Hennepin',NULL,'(612) 584-4858','Midwest Recovery Inc',NULL),
    ('Open Arms Minnesota Alcohol & Drug Program',NULL,'1166 University Ave','Saint Paul','MN','55104','Ramsey',NULL,'(612) 414-4730','Open Arms Minnesota Alcohol & Drug Program',NULL),
    ('Options Family & Behavior Services',NULL,'151 West Burnsville Parkway #100','Burnsville','MN','55337','Dakota',NULL,'(651) 564-3000','Community Drug & Alcohol Services, Inc.',NULL),
    ('Options Family & Behavior Services',NULL,'2675 Long Lake Rd Ste 125','Roseville','MN','55113','Ramsey',NULL,'(952) 564-3000','Community Drug & Alcohol Services, Inc.',NULL),
    ('Oyate Owic''unkiyapi We Serve the People Recovery Services Program',NULL,'2101 MINNEHAHA AVE','Minneapolis','MN','55404-3107','Hennepin',NULL,'(612) 721-9800','Indian Health Board of Minneapolis Inc',NULL),
    ('Park Avenue Center on 24th',NULL,'2318 Park Avenue S','Minneapolis','MN','55404-0000','Hennepin',NULL,'(612) 871-7443','Park Avenue Center',NULL),
    ('Park Avenue Center on Nicollet',NULL,'2430 Nicollet Ave','Minneapolis','MN','55404','Hennepin',NULL,'(612) 871-7443','Park Avenue Center',NULL),
    ('Partners In Recovery',NULL,'2900 FREMONT AVE N','Minneapolis','MN','55411-1390','Hennepin',NULL,'(888) 648-7652','Partners In Recovery LLC',NULL),
    ('Partners In Recovery',NULL,'704 E Howard St','Hibbing','MN','55746','St. Louis',NULL,'(651) 433-5505','Partners In Recovery LLC',NULL),
    ('Partners In Recovery',NULL,'216 5th Ave W','Virginia','MN','55792','St. Louis',NULL,'(888) 648-7652','Partners In Recovery LLC',NULL),
    ('Partners In Recovery LLC',NULL,'1611 County Road B West Ste 102','Roseville','MN','55113','Ramsey',NULL,'(651) 433-5505','Partners In Recovery LLC',NULL),
    ('Pathway House',NULL,'613 2nd St SW','Rochester','MN','55902','Olmsted',NULL,'(507) 287-6121','Pathway House, Inc.',NULL),
    ('Pathway House',NULL,'103 6th Ave SW','Rochester','MN','55902','Olmsted',NULL,'(507) 287-6121','Pathway House, Inc.',NULL),
    ('Paul''s Place',NULL,'22355 Albatross Circle','Castle Rock','MN','55024','Dakota',NULL,'(651) 463-2608','Haven Chemical Health Systems LLC',NULL),
    ('Pear Lake Women''s Program',NULL,'2086 Ridgeway Dr','Grand Rapids','MN','55744','Itasca',NULL,'(218) 327-9944','Hope House of Itasca County, Inc.',NULL),
    ('Perspectives Inc',NULL,'3381 Gorham Ave','St Louis Park','MN','55426','Hennepin',NULL,'(952) 405-2542','Perspectives, Inc.',NULL),
    ('Phoenix Recovery Programs Inc',NULL,'2055 White Bear Ave','Maplewood','MN','55109','Ramsey',NULL,'(651) 403-6409','Phoenix Recovery Programs',NULL),
    ('Phoenix Recovery Programs Inc',NULL,'54945 210TH LN','Mankato','MN','56001-2100','Blue Earth',NULL,NULL,'Phoenix Recovery Programs',NULL),
    ('Pine Manors, Inc.',NULL,'22195 State 34','Nevis','MN','56467','Hubbard',NULL,'(218) 732-4337','Pine Manors, Inc.',NULL),
    ('Pine Manors, Inc.',NULL,'22195 State 34','Nevis','MN','56467','Hubbard',NULL,'(218) 732-4337','Pine Manors, Inc.',NULL),
    ('Pioneer Recovery Center LLC',NULL,'241 Highway 33 N','Cloquet','MN','55720','Carlton',NULL,'(218) 879-6844','Pioneer Recovery Center LLC',NULL),
    ('Prairie St. John''s',NULL,'510 4th St.','Fargo','ND','58103',NULL,NULL,'701-476-7200',NULL,NULL),
    ('Pride Institute Inc',NULL,'14400 Martin Dr','Eden Prairie','MN','55344-2031','Hennepin',NULL,'(952) 934-7554','Pride Institute, Inc.',NULL),
    ('Pride Institute Inc',NULL,'2101 Hennepin Ave Ste 202','Minneapolis','MN','55408','Hennepin',NULL,'(612) 825-8714','Pride Institute, Inc.',NULL),
    ('Professional Counseling Center',NULL,'1262 CROSSING DR','Delano','MN','55328-4637','Wright',NULL,'(763) 972-6527','No Integrated Hlth Inc dba Prof Counseling Center',NULL),
    ('Professional Counseling Center',NULL,'Wright One Plaza','Buffalo','MN','55313','Wright',NULL,'(763) 682-2829','No Integrated Hlth Inc dba Prof Counseling Center',NULL),
    ('Professional Recovery Organization LLC',NULL,'1687 WOODLANE DR STE 208','Woodbury','MN','55125-3047','Washington',NULL,'(651) 204-9144','Professional Recovery Organization LLC',NULL),
    ('Program for Addictions Recovery',NULL,'1611 Anne St NW','Bemidji','MN','56601','Beltrami',NULL,'(218) 333-2105','Sanford Health of Northern Minnesota',NULL),
    ('Progress Valley I',NULL,'3033 Garfield Ave S','Minneapolis','MN','55408','Hennepin',NULL,'(612) 827-2517','Progress Valley Inc',NULL),
    ('Progress Valley II',NULL,'1100 E 80th St','Bloomington','MN','55420','Hennepin',NULL,NULL,'Progress Valley Inc',NULL),
    ('Progress Valley III Recovery Center for Men',NULL,'308 E 78th St','Richfield','MN','55423','Hennepin',NULL,'(612) 827-2517','Progress Valley Inc',NULL),
    ('Progressive Individual Resources',NULL,'220 ROBERT ST S STE 206','Saint Paul','MN','55107-1692','Ramsey',NULL,'(612) 749-3309','Progressive Individual Resources Inc',NULL),
    ('Project Connect',NULL,'777 HARDING ST NE','Minneapolis','MN','55413-8204','Hennepin',NULL,'(612) 852-1877','AccessAbility, Inc.',NULL),
    ('Project Turnabout',NULL,'660 18th St','Granite Falls','MN','56241','Yellow Medicine',NULL,'(320) 564-4911','Reverence For Life & Concern For People Inc',NULL),
    ('Project Turnabout',NULL,'660 18th St','Granite Falls','MN','56241','Yellow Medicine',NULL,'(320) 564-4911','Reverence For Life & Concern For People Inc',NULL),
    ('Project Turnabout',NULL,'130 SE Willmar Ave','Willmar','MN','56201','Kandiyohi',NULL,'(320) 214-7744','Reverence For Life & Concern For People Inc',NULL),
    ('Project Turnabout Chemical Dependency Treatment Center',NULL,'334 S Jefferson St','Redwood Falls','MN','56283-1630','Redwood',NULL,'(320) 564-4911','Reverence For Life & Concern For People Inc',NULL),
    ('Project Turnabout Halfway House',NULL,'1220 Birch St','Marshall','MN','56258-1500','Lyon',NULL,'(507) 532-3008','Reverence For Life & Concern For People Inc',NULL),
    ('Rainy River Recovery LLP',NULL,'900 5th St Suite 301','International Falls','MN','56649-0000','Koochiching',NULL,'(218) 285-7029','Rainy River Recovery LLP',NULL),
    ('Ramsey County Detoxification Center',NULL,'402 Univeristy Ave East','Saint Paul','MN','55130','Ramsey',NULL,'(651) 266-4009','Ramsey County',NULL),
    ('Ramsey County Personalized Recovery Services (CoOccurringRecovery ORE)',NULL,'1919 University Ave W #200','Saint Paul','MN','55104','Ramsey',NULL,'(651) 266-7999','Ramsey County',NULL),
    ('Range Center Detoxification Service',NULL,'626 13th St S PO Box 1047','Virginia','MN','55792','St. Louis',NULL,'(218) 741-9120','Range Mental Health Center',NULL),
    ('Range Treatment Center Hibbing',NULL,'3203 3rd Ave W','Hibbing','MN','55746','St. Louis',NULL,'(218) 263-9237','Range Mental Health Center',NULL),
    ('Range Treatment Center Virginia',NULL,'626 S 13th St PO Box 1047','Virginia','MN','55792','St. Louis',NULL,'(218) 741-9120','Range Mental Health Center',NULL),
    ('Rebecca Residence Scandia',NULL,'21077 Penrose Ave N','Scandia','MN','55073-9710','Washington',NULL,'(651) 433-5839','Haven Chemical Health Systems LLC',NULL),
    ('Recovering Hope Treatment Center',NULL,'2031 Rowland Rd','Mora','MN','55051','Kanabec',NULL,'(320) 364-1300','Recovering Hope Treatment Center Inc',NULL),
    ('Recovery Alliance Duluth','https://recoveryallianceduluth.org/','206 W 4th St','Duluth','MN','55806','Saint Louis',NULL,'(218) 576-6005','Recovery Alliance Duluth',NULL),
    ('Recovery Center',NULL,'109 Washburne Ave','Paynesville','MN','56362','Stearns',NULL,'(320) 243-1599','Recovery Center LLC',NULL),
    ('Recovery Center 2',NULL,'109 W JAMES ST','Paynesville','MN','56362-1216','Stearns',NULL,'(320) 243-2120','Recovery Center LLC',NULL),
    ('Recovery Community Network','https://www.recoverycommunitynetwork.com/','3400 1st St. N., Suite 404','Saint Cloud','MN','56303','Stearns',NULL,'320-428-1887','Recovery Community Network',NULL),
    ('Recovery Health Services LLC',NULL,'1310 81ST AVE NE','Spring Lake Park','MN','55432-2116','Anoka',NULL,'(952) 495-2863','Recovery Health Services LLC',NULL),
    ('Recovery Is Happening',NULL,'25 16th St NE','Rochester','MN','55906','Olmsted',NULL,'(507) 218-4773','Recovery Is Happening',NULL),
    ('Recovery is Happening','https://www.recoveryishappening.org/','25 16th St. NE','Rochester','MN','55906','Olmstead',NULL,'507-218-4773','Recovery is Happening',NULL),
    ('Recovery Programs',NULL,'1620 GREENVIEW DR SW','Rochester','MN','55902-4319','Olmsted',NULL,'(507) 289-2089','Zumbro Valley Health Center',NULL),
    ('Recovery Programs',NULL,'37 WOODLAKE DR SE','Rochester','MN','55904-5509','Olmsted',NULL,'(507) 328-3999','Zumbro Valley Health Center',NULL),
    ('Red River Recovery Center',NULL,'701 Center Ave E','Dilworth','MN','56529','Clay',NULL,'(218) 284-7772','Prosper Incorporated dba Red River Recovery Center',NULL),
    ('Redwood Wabasso Holdngs LLC Wabasso Restorative Care Center',NULL,'660 MAPLE ST','Wabasso','MN','56293-1614','Redwood',NULL,'(507) 342-5166','Redwood Wabasso Holdings LLC',NULL),
    ('Reed Behavioral Health',NULL,'7117 OHMS LN','Edina','MN','55439-2142','Hennepin',NULL,'(763) 577-2486','Reed Behavioral Health LLC',NULL),
    ('Reed Behavioral Health',NULL,'15600 WAYZATA BLVD STE 301','Wayzata','MN','55391-1456','Hennepin',NULL,'(763) 577-2489','Reed Behavioral Health LLC',NULL),
    ('Reflections',NULL,'1675 Greeley St S','Stillwater','MN','55082','Washington',NULL,'(651) 235-0964','Reflections',NULL),
    ('Renewed Life Counseling Services LLC',NULL,'10026 UNIVERSITY AVE NW STE 103','Minneapolis','MN','55448-2213','Anoka',NULL,'(763) 400-7251','Renewed Life Counseling Services LLC',NULL),
    ('Restoration Counseling & Community Services LLC',NULL,'3805 Washington Ave N','Minneapolis','MN','55412','Hennepin',NULL,'(612) 400-6226','Restoration Counseling & Community Services LLC',NULL),
    ('Restoration Counseling & Community Services LLC',NULL,'800 42nd Ave N','Minneapolis','MN','55412','Hennepin',NULL,'(612) 767-6601','Restoration Counseling & Community Services LLC',NULL),
    ('Restoration Counseling & Community Services LLC',NULL,'900 Rice St','Saint Paul','MN','55117','Ramsey',NULL,'(651) 529-1600','Restoration Counseling & Community Services LLC',NULL),
    ('Restoration Counseling & Community Services LLC',NULL,'297 Century Ave S','Maplewood','MN','55119','Ramsey',NULL,'(651) 266-1400','Restoration Counseling & Community Services LLC',NULL),
    ('Restore House Inc',NULL,'1001 Mississippi Ave NW','Bemidji','MN','56601','Beltrami',NULL,'(218) 444-9420','Restore House Inc',NULL),
    ('Restore House Inc',NULL,'3007 BIRCHMONT DR NE','Bemidji','MN','56601-4324','Beltrami',NULL,'(218) 444-9420','Restore House Inc',NULL),
    ('ReSurge Treatment Services',NULL,'2314 PLYMOUTH AVE N','Minneapolis','MN','55411-3636','Hennepin',NULL,'(763) 478-1418','ReSurge Treatment Services LLC',NULL),
    ('Rewind, Inc.',NULL,'840 E Main Street','Perham','MN','56573','Otter Tail',NULL,'(218) 346-6100','Rewind Inc',NULL),
    ('River Ridge LLC A Womans Way',NULL,'7170 BRYANT LAKE DR','Eden Prairie','MN','55344-3502','Hennepin',NULL,'(952) 894-7722','River Ridge LLC',NULL),
    ('River Ridge LLC Glen Creek Lodge',NULL,'16005 Joplin Ave','Lakeville','MN','55044','Dakota',NULL,'(952) 894-7722','River Ridge LLC',NULL),
    ('River Ridge LLC Outpatient',NULL,'4555 ERIN DR STE 200','Eagan','MN','55122-3432','Dakota',NULL,'(952) 894-7722','River Ridge LLC',NULL),
    ('Riverplace Counseling Center Anoka',NULL,'6058 Hwy 10','Anoka','MN','55303','Anoka',NULL,'(763) 421-5590','Riverplace Counseling Center Inc',NULL),
    ('Riverplace Counseling Centers of Elk River Inc',NULL,'9816 NW Highway 10','Elk River','MN','55330','Sherburne',NULL,'(763) 427-9777','Riverplace Counseling Center Inc',NULL),
    ('Riverview Healthcare Association/Riverview Recovery Center',NULL,'216 Center St W','Roseau','MN','56751','Roseau',NULL,'(218) 463-3447','Riverview Healthcare Association',NULL),
    ('Riverview Recovery Center',NULL,'210 GATEWAY DR NE STE 3','East Grand Forks','MN','56721-1621','Polk',NULL,'(800) 584-9226','Riverview Healthcare Association',NULL),
    ('Riverview Recovery Center',NULL,'213 LABREE AVE N STE 100','Thief River Falls','MN','56701-2022','Pennington',NULL,'(218) 281-9200','Riverview Healthcare Association',NULL),
    ('Riverview Recovery Center',NULL,'721 S Minnesota St','Crookston','MN','56716','Polk',NULL,'(218) 281-9511','Riverview Healthcare Association',NULL),
    ('Robinson Recovery House',NULL,'4215 9th Avenue South','Fargo','ND','58103',NULL,NULL,'701-282-6561',NULL,NULL),
    ('Rochester Metro Treatment Center',NULL,'2360 N Broadway','Rochester','MN','55901','Olmsted',NULL,'(507) 282-0142','Metro Treatment of Minnesota LP',NULL),
    ('Roots Recovery',NULL,'393 DUNLAP ST N STE 300','Saint Paul','MN','55104-4207','Ramsey',NULL,'(612) 564-5933','Roots Recovery',NULL),
    ('RRecovery Services',NULL,'867 PIERCE BUTLER RTE','Saint Paul','MN','55104-1522','Ramsey',NULL,'(763) 607-8544','RRecovery Services',NULL),
    ('RS Eden/Eden House',NULL,'1025 Portland Ave S','Minneapolis','MN','55404','Hennepin',NULL,'(612) 338-0723','RS Eden Residential Men and Women',NULL),
    ('RS Eden/Eden House',NULL,'614 Grant St','Minneapolis','MN','55404','Hennepin',NULL,'(612) 338-0723','RS Eden Residential Men and Women',NULL),
    ('Sage Prairie Eagan',NULL,'1440 Duckwood Dr Ste 300','Eagan','MN','55122','Dakota',NULL,'(612) 437-4913','Sage Prairie Inc',NULL),
    ('Sage Prairie Inc',NULL,'13005 County Rd 5','Burnsville','MN','55337','Dakota',NULL,'(651) 249-5672','Sage Prairie Inc',NULL),
    ('Sanford Health Behavioral Health Center',NULL,'1705 ANNE ST NW','Bemidji','MN','56601-6151','Beltrami',NULL,NULL,'Sanford Health of Northern Minnesota',NULL),
    ('Sanford Hospital Luverne Outpatient CD Program',NULL,'1600 N Kniss Ave','Luverne','MN','56156-1067','Rock',NULL,'(507) 283-2321','Sanford Luverne Medical Center Outpatient CD Program',NULL),
    ('Sanford Medical Center Thief River Falls CD Program',NULL,'120 LaBree Ave S','Thief River Falls','MN','56701','Pennington',NULL,'(218) 683-4351','Sanford Medical Center Thief River Falls dba Sanford Behavioral Health',NULL),
    ('Senior Recovery Program',NULL,'235 Roselawn Ave Ste 13','Maplewood','MN','55117','Ramsey',NULL,'(651) 773-0473','Senior Chemical Dependency Counseling & Assistance Associates',NULL),
    ('Serenity Haven',NULL,'206 E Maple Ave','Mora','MN','55051','Kanabec',NULL,'(320) 679-3580','Serenity Haven',NULL),
    ('Serenity Path Inc',NULL,'117 W James St','Paynesville','MN','56362','Stearns',NULL,'(320) 243-3379','Serenity Path Inc',NULL),
    ('Sharehouse',NULL,'4227 9th Avenue South','Fargo','ND','58103',NULL,NULL,'701-282-6561',NULL,NULL),
    ('Sharehouse Genesis',NULL,'505 40th St. S','Fargo','ND','58103',NULL,NULL,'701-282-6561',NULL,NULL),
    ('Sobriety First LLC',NULL,'313 W BROADWAY ST','Monticello','MN','55362-9356','Wright',NULL,'(320) 251-0035','Sobriety First Treatment Center LLC',NULL),
    ('Sobriety First Treatment Center LLC',NULL,'210 Central Ave N Ste 1','Milaca','MN','56301','Mille Lacs',NULL,'(320) 251-0035','Sobriety First Treatment Center LLC',NULL),
    ('Sobriety First Treatment Center LLC',NULL,'266 33RD AVE S STE 10','Saint Cloud','MN','56301-4684','Stearns',NULL,'(320) 251-0035','Sobriety First Treatment Center LLC',NULL),
    ('Sobriety First Treatment Center LLC',NULL,'520 4th St S','Sauk Centre','MN','56378','Stearns',NULL,'(320) 351-9324','Sobriety First Treatment Center LLC',NULL),
    ('South Central Human Relations Center Dual Recovery Program',NULL,'610 FLORENCE AVE','Owatonna','MN','55060-4704','Steele',NULL,'(507) 444-2250','South Central Human Relations Center',NULL),
    ('South East Homes Inc',NULL,'2732 Bloomington Ave S','Minneapolis','MN','55407','Hennepin',NULL,'(612) 702-7231','South East Homes Inc',NULL),
    ('Specialized Treatment Services Inc',NULL,'7472 Lakeland Ave North','Brooklyn Park','MN','55428','Hennepin',NULL,'(612) 236-1700','Specialized Treatment Services Inc',NULL),
    ('Specialized Treatment Services Inc St Paul',NULL,'311 Spruce Street','Saint Paul','MN','55101','Ramsey',NULL,'(612) 236-1700','Specialized Treatment Services Inc',NULL),
    ('Specialized Treatment Services/Central',NULL,'1132 Central Ave NE','Minneapolis','MN','55413','Hennepin',NULL,'(612) 236-1710','Specialized Treatment Services Inc',NULL),
    ('Spence Specialties ANEW',NULL,'445 ETNA ST STE 55','Saint Paul','MN','55106-5848','Ramsey',NULL,NULL,'Spence Specialities LLC Anew',NULL),
    ('Spirits at Rest',NULL,'202 1ST ST S','Montgomery','MN','56069-1602','Le Sueur',NULL,'(952) 303-9585','Spririts at Rest',NULL),
    ('St Cloud Hospital Addiction Services',NULL,'3701 12TH ST N STE 201','Saint Cloud','MN','56303-2253','Stearns',NULL,'(320) 229-3761','St. Cloud Hospital Adolescent Addiction Services',NULL),
    ('St Johns Chemical Dependency Maplewood',NULL,'1655 Beam Ave Ste 207','Maplewood','MN','55109','Ramsey',NULL,'(651) 326-3147','Healtheast St Joseph''s Hospital',NULL),
    ('St Josephs Hospital Adult Outpatient Substance Use Disorder Program',NULL,'45 10TH ST W','Saint Paul','MN','55102-1062','Ramsey',NULL,'(651) 232-3644','Healtheast St Joseph''s Hospital',NULL),
    ('St Paul NuWay Counseling Center','https://www.nuway.org/','545 W 7th St','Saint Paul','MN','55102','Ramsey',NULL,'(612) 767-0309','Nuway House, Inc.',NULL),
    ('St. Cloud Metro Treatment Center',NULL,'524 25th Ave N','Saint Cloud','MN','56303','Stearns',NULL,'(320) 202-1909','Metro Treatment of Minnesota LP',NULL),
    ('St. Paul Metro Treatment Center',NULL,'2311 Woodbridge St','Roseville','MN','55113','Ramsey',NULL,'(651) 773-0832','Metro Treatment of Minnesota LP',NULL),
    ('Stage By Staige LLC',NULL,'11 E VETERANS MEMORIAL HWY STE 106','Kasson','MN','55944-1716','Dodge',NULL,'(507) 216-5151','Stage By Staige LLC',NULL),
    ('Superior Treatment Center (The)',NULL,'324 W SUPERIOR ST STE 300','Duluth','MN','55802-1700','St. Louis',NULL,'(218) 336-9300','Ridgewood Recovery Inc',NULL),
    ('Tapestry',NULL,'135 E Colorado St','Saint Paul','MN','55107','Ramsey',NULL,'(651) 489-7740','Tapestry LLC',NULL),
    ('Teen Focus Recovery Center',NULL,'475 S Dana Ave','Rush City','MN','55069','Chisago',NULL,'(320) 358-4065','Teen Focus Recovery Center',NULL),
    ('Teen Focus Recvoery Center Mora',NULL,'209 E Maple Ave','Mora','MN','55051','Kanabec',NULL,'(320) 358-4297','Teen Focus Recovery Center',NULL),
    ('Telesis',NULL,'1145 Shenandoah Ln','Plymouth','MN','55447-3292','Hennepin',NULL,'(612) 874-9811','Create, Inc.',NULL),
    ('The Estates at Chateau LLC',NULL,'2106 2nd Ave S','Minneapolis','MN','55404','Hennepin',NULL,'(612) 874-1603','The Estates at Chateau LLC',NULL),
    ('The Gables',NULL,'604 5TH ST SW','Rochester','MN','55902-3256','Olmsted',NULL,'(612) 294-9262','Gables LLC',NULL),
    ('The Heights Jackson',NULL,'1394 Jackson St','Saint Paul','MN','55117-0000','Ramsey',NULL,'(651) 207-1766','Wild River Services Inc',NULL),
    ('The Lotus Center Inc',NULL,'200 5TH ST S','Moorhead','MN','56560-2768','Clay',NULL,'(218) 284-1800','The Lotus Center Inc',NULL),
    ('The Retreat','https://www.theretreat.org/','1221 Wayzata Blvd E','Wayzata','MN','55391','Hennepin',NULL,'952-476-0566','The Retreat',NULL),
    ('The Rubicon',NULL,'7250 METRO BLVD STE 100','Edina','MN','55439-2145','Hennepin',NULL,'(612) 374-0506','Crossroads Aftercare Program Inc DBA The Rubicon',NULL),
    ('The Superior Treatment Center',NULL,'1507 Tower Ave','Superior','WI','54880',NULL,NULL,'715-392-9300',NULL,NULL),
    ('Thunderbird & Wren Halfway House',NULL,'9302 Idaho St','Duluth','MN','55808','St. Louis',NULL,'(218) 727-7699','Minnesota Indian Primary Residential Treatment Ctr., Inc.',NULL),
    ('Time To Change? LLC',NULL,'8609 LYNDALE AVE S STE 110','Bloomington','MN','55420-2733','Hennepin',NULL,'(952) 358-1009','Time To Change? LLC',NULL),
    ('Tomorrow LLC dba Anchorage',NULL,'725 CENTER AVE','Moorhead','MN','56560-1958','Clay',NULL,'(218) 287-1500','Tomorrow LLC',NULL),
    ('Transformation House',NULL,'1410 S Ferry Rd','Anoka','MN','55303','Anoka',NULL,'(763) 427-7155','Transformation House Inc',NULL),
    ('Transformation House I',NULL,'2532 N Ferry','Anoka','MN','55303','Anoka',NULL,'(763) 421-4665','Transformation House Inc',NULL),
    ('Transformation House II',NULL,'351 74TH AVE NE BLDG A','Fridley','MN','55432-3258','Anoka',NULL,'(763) 786-8172','Transformation House Inc',NULL),
    ('Transformation House III',NULL,'3079 90th Ave','Princeton','MN','55371','Mille Lacs',NULL,'(763) 427-7155','Transformation House Inc',NULL),
    ('Transformative Recovery Center Fergus Falls',NULL,'119 Friberg Ave Ste B','Fergus Falls','MN','56537','Otter Tail',NULL,'(320) 255-9530','Thrive Behavioral Network IV LLC',NULL),
    ('Transition Homes Corp DBA Transitions Outpatient Program',NULL,'366 PRIOR AVE N','Saint Paul','MN','55104-5165','Ramsey',NULL,'(651) 529-8900','Transition Homes Corp dba: Transitions Outpatient Program',NULL),
    ('Tubman Chrysalis Center',NULL,'4432 Chicago Ave','Minneapolis','MN','55407','Hennepin',NULL,'(612) 871-0118','Tubman dba Chrysalis A Center for Women',NULL),
    ('Turning Point, Inc.',NULL,'1500 Golden Vly Rd','Minneapolis','MN','55411-3139','Hennepin',NULL,'(612) 520-4004','Turning Point, Inc.',NULL),
    ('Twin Cities Recovery Project, Inc.','https://twincitiesrecoveryproject.org/','3400 East Lake Street','Minneapolis','MN','55406','Hennepin',NULL,'(612) 886-2045','Twin Cities Recovery Project Inc.',NULL),
    ('Twin Cities Therapy Services',NULL,'327 Marschall Rd #395','Shakopee','MN','55379','Scott',NULL,'(612) 806-1403','Twin Cities Therapy Services Inc',NULL),
    ('Twin Town Treatment Center',NULL,'1706 University Ave','Saint Paul','MN','55104','Ramsey',NULL,'(651) 645-3661','Twin Town Treatment Center LLC',NULL),
    ('Unity House for Men',NULL,'1918-1920 Miller St.','LaCrosse','WI','54601',NULL,NULL,'608-775-4753',NULL,NULL),
    ('Unity House for Men',NULL,'1922-1924 Miller St.','LaCrosse','WI','54601',NULL,NULL,'608-775-4753',NULL,NULL),
    ('Unity House for Women',NULL,'1312 5th Avenue S.','LaCrosse','WI','54601',NULL,NULL,'608-775-4718',NULL,NULL),
    ('Valhalla Place Brainerd',NULL,'2215 S 6th St','Brainerd','MN','56401','Crow Wing',NULL,'(218) 454-1010','Valhalla Place LLC',NULL),
    ('Valhalla Place Brooklyn Park',NULL,'2807 Brookdale Drive','Brooklyn Park','MN','55444','Hennepin',NULL,'(763) 237-9898','Valhalla Place LLC',NULL),
    ('Valhalla Place Woodbury',NULL,'6043 Hudson Rd #220','Woodbury','MN','55125','Washington',NULL,'(651) 925-8200','Valhalla Place LLC',NULL),
    ('Valley View Recovery Center',NULL,'31591 64TH AVE','Cannon Falls','MN','55009-4296','Goodhue',NULL,'(507) 951-8056','Valley View Recovery Center',NULL),
    ('VEEMAH Outpatient',NULL,'5701 KENTUCKY AVE N STE 100','Crystal','MN','55428-3370','Hennepin',NULL,'(763) 300-0289','VEEMAH Integrated Wellness & Consulting Services LLC',NULL),
    ('Victory Through Faith Recovery Services',NULL,'1523 Nicollet Ave S','Minneapolis','MN','55403','Hennepin',NULL,'(612) 827-0484','Micah Halfway House (The)',NULL),
    ('Villa at Bryn Mawr Outpatient Treatment Center',NULL,'275 PENN AVE N','Minneapolis','MN','55405-1216','Hennepin',NULL,'(612) 377-4723','Villa at Byrn Mawr Outpatient Treatment Center',NULL),
    ('Vinland National Center',NULL,'675 Stinson Blvd','Minneapolis','MN','55413','Hennepin',NULL,'(763) 479-4560','Vinland National Center',NULL),
    ('Vinland National Center',NULL,'3675 Ihduhapi Rd','Independence','MN','55357','Hennepin',NULL,'(763) 479-4538','Vinland National Center',NULL),
    ('Wayside Family Treatment Center',NULL,'2120 Clinton Ave So','Minneapolis','MN','55404','Hennepin',NULL,'(612) 871-0099','Wayside House Inc (The)',NULL),
    ('Wayside Wellness Center',NULL,'1600 UNIVERSITY AVE W STE 500','Saint Paul','MN','55104-3828','Ramsey',NULL,'(651) 242-5540','Wayside House Inc (The)',NULL),
    ('Wayside Women''s Treatment Center',NULL,'3705 Park Center Blvd','St Louis Park','MN','55416','Hennepin',NULL,'(952) 926-5626','Wayside House Inc (The)',NULL),
    ('WebMed LLC',NULL,'925 E SUPERIOR ST STE 113','Duluth','MN','55802-2253','St. Louis',NULL,'(218) 310-8896','WebMed LLC',NULL),
    ('Wecovery','https://beyondbrink.com/','314 Chestnut St','Mankato','MN','56001','Blue Earth',NULL,'(507) 779-7091','Wecovery',NULL),
    ('Wellcome Manor Family Services',NULL,'114 W Pleasant St','Garden City','MN','56034','Blue Earth',NULL,'(507) 546-3295','Wellcome Manor Family Services',NULL),
    ('Western Mental Health Center',NULL,'1212 E College Dr','Marshall','MN','56258','Lyon',NULL,'(507) 532-3236','Western Mental Health Center',NULL),
    ('Western Mental Health Center Chemical Dependency Program',NULL,'100 Caring Way','Redwood Falls','MN','56283-0000','Redwood',NULL,'(507) 532-3236','Western Mental Health Center',NULL),
    ('Western Mental Health Center Chemical Dependency Program Granite Falls',NULL,'818 PRENTICE ST','Granite Falls','MN','56241-1521','Yellow Medicine',NULL,'(507) 532-3236','Western Mental Health Center',NULL),
    ('Willow Bridge Recovery LLC',NULL,'17 2ND ST N','Long Prairie','MN','56347-1117','Todd',NULL,'(320) 357-3466','Willow Bridge Recovery LLC',NULL),
    ('Woodland Centers Detoxification Unit',NULL,'1125 SE 6th St','Willmar','MN','56201','Kandiyohi',NULL,'(320) 235-4613','Woodland Centers',NULL),
    ('Woodland Centers Substance Use Program',NULL,'1234 E HIGHWAY 7','Montevideo','MN','56265-1705','Chippewa',NULL,'(320) 269-6581','Woodland Centers',NULL),
    ('Woodland Centers Substance Use Program',NULL,'1125 6TH ST SE','Willmar','MN','56201-4675','Kandiyohi',NULL,'(320) 235-4613','Woodland Centers',NULL),
    ('Zulu Islamic Treatment Institute',NULL,'1729 Lyndale Ave','Minneapolis','MN','55411','Hennepin',NULL,'(612) 338-0889','Zulu Islamic Treatment Institute',NULL),
    ('Zumbro Valley Health Center Connections & Referral Unit',NULL,'343 Wood Lake Dr SE','Rochester','MN','55904','Olmsted',NULL,'(507) 535-5625','Zumbro Valley Health Center',NULL),
    ('Zumbro Valley Health Center Recovery Programs',NULL,'343 Wood Lake Dr SE','Rochester','MN','55904','Olmsted',NULL,'(507) 289-2089','Zumbro Valley Health Center',NULL),
    ('Zumbro Valley Health Center Recovery Programs II',NULL,'29 7th St NE','Rochester','MN','55906','Olmsted',NULL,'(507) 535-5680','Zumbro Valley Health Center',NULL),
    ('1 Village Housing (Amaris/Atlas/Oakland Homes)',NULL,NULL,'Minneapolis',NULL,NULL,NULL,'oaklandhouse612@gmail.com','612.272.6659',NULL,NULL),
    ('2nd Chances Housing',NULL,NULL,'Maplewood, St Paul',NULL,NULL,NULL,'2ndchanceshousingllc@gmail.com','651.458.0097',NULL,NULL),
    ('A Better Direction Sober Homes',NULL,NULL,'Minneapolis',NULL,NULL,NULL,'coryj3369@gmail.com','763.843.8661',NULL,NULL),
    ('A Brighter Path Sober Homes',NULL,NULL,'Minneapolis',NULL,NULL,NULL,'karla.louise.11@gmail.com','715.699.3102',NULL,NULL),
    ('A Way Out Sober Living',NULL,NULL,'Eden Prairie, Minneapolis, Shakopee',NULL,NULL,NULL,'derrick@awayoutsoberliving.com','612.916.8770',NULL,NULL),
    ('A+ Sober Housing Solutions',NULL,NULL,'Brooklyn Center, Minneapolis',NULL,NULL,NULL,'melanierennae@yahoo.com','612.965.2818',NULL,NULL),
    ('Absolution House',NULL,NULL,'St Paul',NULL,NULL,NULL,'bryangallagher75@gmail.com','864.346.0113',NULL,NULL),
    ('Accountable Guys',NULL,NULL,'Minneapolis, Richfield',NULL,NULL,NULL,'tagpropertiesmn@gmail.com','952.607.7924',NULL,NULL),
    ('Act 2 Recovery Residences',NULL,NULL,'Minneapolis, S Minneapolis',NULL,NULL,NULL,'act2recoveryresidences@gmail.com','612.403.1617',NULL,NULL),
    ('Affective Sober Living',NULL,NULL,'Minneapolis',NULL,NULL,NULL,'jenny@jcssoberliving.com','612.735.6008',NULL,NULL),
    ('Agape Recovery Residence',NULL,NULL,'St Paul',NULL,NULL,NULL,'Info@agaperecoveryresidence.com','612.289.4543',NULL,NULL),
    ('American Sober Living',NULL,NULL,'Edina',NULL,NULL,NULL,'housing@americansoberliving.com','612.991.1534',NULL,NULL);
    
--THIRD IMPORT ENDS AT 628--
INSERT INTO provider VALUES
    ('Amethyst Recovery Homes',NULL,NULL,'St Paul',NULL,NULL,NULL,'amethystrhllc@gmail.com','651.440.6076',NULL,NULL),
    ('Angels from Ashes',NULL,NULL,'St Paul',NULL,NULL,NULL,'sandrel.afah@gmail.com','651.815.2146',NULL,NULL),
    ('Anthony House',NULL,NULL,'Maplewood, St Paul',NULL,NULL,NULL,'daniel.maher@theanthonyhouse.com','651.334.2395',NULL,NULL),
    ('Aspire Sober Living',NULL,NULL,'St Paul',NULL,NULL,NULL,'reebguy@outlook.com','614.738.3484',NULL,NULL),
    ('Avalon Sober Housing',NULL,NULL,'St Paul',NULL,NULL,NULL,'bruceknight10@gmail.com','612.968.0980',NULL,NULL),
    ('Bear Creek Mayowood Acres',NULL,NULL,'Rochester',NULL,NULL,NULL,'maryanne@bcdcrochester.org','507-258-4992',NULL,NULL),
    ('Better Direction Sober Homes',NULL,NULL,'Minneapolis',NULL,NULL,NULL,'coryj3369@gmail.com','763.843.8661',NULL,NULL),
    ('Better Way Sober Living',NULL,NULL,'Rochester, St Paul',NULL,NULL,NULL,'chip@betterwaysoberliving.com','337.371.7636',NULL,NULL),
    ('Bright Side Housing',NULL,NULL,'St Paul',NULL,NULL,NULL,'brightsidehousingllc@gmail.com','612.380.1152',NULL,NULL),
    ('Bright Spot Sober Living',NULL,NULL,'Minneapolis, S Minneapolis',NULL,NULL,NULL,'valeriejquintana@yahoo.com','612.695.8811',NULL,NULL),
    ('Bright Spot Sober Living',NULL,NULL,'Minneapolis, S Minneapolis',NULL,NULL,NULL,'alabelle0@gmail.com','763.233.1494',NULL,NULL),
    ('BSM Sober Houses',NULL,NULL,'Crystal, Duluth, Minneapolis, NE Minneapolis Suburbs, Robbinsdale',NULL,NULL,NULL,'bsmgetsober@gmail.com','763.732.0811',NULL,NULL),
    ('Buffalo House',NULL,NULL,'St Paul',NULL,NULL,NULL,'buffalosoberhouse@gmail.com','612.562.0864',NULL,NULL),
    ('Central Village Housing',NULL,NULL,'St Paul',NULL,NULL,NULL,'Georgiagiles@live.com','612.417.4943',NULL,NULL),
    ('Christ Satisfies Housing',NULL,NULL,'Columbia Heights, Minneapolis, NE Minneapolis Suburbs',NULL,NULL,NULL,'intakes.cstlservices@gmail.com','612.483.3969',NULL,NULL),
    ('Christ Satisfies Housing',NULL,NULL,'Columbia Heights, Minneapolis, NE Minneapolis Suburbs',NULL,NULL,NULL,'intakes.cstlservices@gmail.com','612.483.3969',NULL,NULL),
    ('Como Area Sober Living',NULL,NULL,'St Paul',NULL,NULL,NULL,'larsonjohn40@yahoo.com','651.270.5239',NULL,NULL),
    ('Coordinated Recovery',NULL,NULL,'Minneapolis, NE Minneapolis',NULL,NULL,NULL,'inquire@coordinatedrecovery.com','612.421.0909',NULL,NULL),
    ('Coordinated Recovery',NULL,NULL,'Minneapolis, S Minneapolis',NULL,NULL,NULL,'inquire@coordinatedrecovery.com','612.421.0909',NULL,NULL),
    ('Coordinated Recovery',NULL,NULL,'Minneapolis, St Paul',NULL,NULL,NULL,'inquire@coordinatedrecovery.com','612.421.0909',NULL,NULL),
    ('Day by Day Living',NULL,NULL,'Columbia Heights',NULL,NULL,NULL,'daybydaylivingllc@gmail.com','612.800.1120',NULL,NULL),
    ('Day by Day Living',NULL,NULL,'Brooklyn Center, Minneapolis',NULL,NULL,NULL,'daybydaylivingllc@gmail.com','612.800.1120',NULL,NULL),
    ('Docs Recovery House',NULL,NULL,'Rochester',NULL,NULL,NULL,'info@docsrecoveryhouse.org','507.216.3353',NULL,NULL),
    ('EazyLiven',NULL,NULL,'Bloomington, Minneapolis, Richfield',NULL,NULL,NULL,'info@eazyliven.com','612.440.3299',NULL,NULL),
    ('Fellowship House',NULL,NULL,'Minneapolis, Rochester',NULL,NULL,NULL,'margiempierce@gmail.com','517.230.4742',NULL,NULL),
    ('Fellowship House',NULL,NULL,'Minneapolis, Rochester',NULL,NULL,NULL,'margiempierce@gmail.com','517.230.4742',NULL,NULL),
    ('First Step Sober Living',NULL,NULL,'St Paul',NULL,NULL,NULL,'brittany@steppingstonehomes.org','651.340.0086',NULL,NULL),
    ('Forest Recovery Homes',NULL,NULL,'Minneapolis',NULL,NULL,NULL,'tonja@werisemn.org','612.757.8862',NULL,NULL),
    ('FreedomWorks',NULL,NULL,'Minneapolis',NULL,NULL,NULL,'rcc@myfreedomworks.com','763.464.7647',NULL,NULL),
    ('Gilbert House',NULL,NULL,'Minneapolis, S Minneapolis',NULL,NULL,NULL,'toddaodowd@gmail.com','612.208.9042',NULL,NULL),
    ('Great Lakes Sober Living',NULL,NULL,'Duluth',NULL,NULL,NULL,'tim@greatlakessoberliving.com','218.461.5551',NULL,NULL),
    ('Great Lakes Sober Living',NULL,NULL,'Duluth',NULL,NULL,NULL,'erin@greatlakessoberliving.com','218.461.5551',NULL,NULL),
    ('Hatch Place',NULL,NULL,'St Paul',NULL,NULL,NULL,'thehatchplace@gmail.com','651.249.7824',NULL,NULL),
    ('Healing Homes Network',NULL,NULL,'St Paul',NULL,NULL,NULL,'healinghomesnetwork@gmail.com','612.703.1247',NULL,NULL),
    ('Helens House',NULL,NULL,'Minneapolis',NULL,NULL,NULL,'cvelie10@gmail.com','612.432.2034',NULL,NULL),
    ('Hiawatha House',NULL,NULL,'Minneapolis',NULL,NULL,NULL,'seth@tccmn.org','952.657.3738',NULL,NULL),
    ('Horizon House',NULL,NULL,'Duluth',NULL,NULL,NULL,'info@horizonhouseduluth.org','218.464.4240',NULL,NULL),
    ('House of Grace',NULL,NULL,'Minneapolis',NULL,NULL,NULL,'jhmedia@comcast.net','612.961.5682',NULL,NULL),
    ('House of Grace',NULL,NULL,'Prior Lake',NULL,NULL,NULL,'ryanhanson218@gmail.com','612.759.8566',NULL,NULL),
    ('Into Action Sober Living',NULL,NULL,'Minneapolis',NULL,NULL,NULL,'ryanhanson218@gmail.com','612.759.8566',NULL,NULL),
    ('Jesus Saves',NULL,NULL,'Oakdale, St Paul',NULL,NULL,NULL,'tssolheid@gmail.com','651.302.6370',NULL,NULL),
    ('Join Our Journey (Recovery is Happening)',NULL,NULL,'Rochester',NULL,NULL,NULL,'info@rih.me','507.218.4773',NULL,NULL),
    ('Join Our Journey (Recovery is Happening)',NULL,NULL,'Rochester',NULL,NULL,NULL,'info@rih.me','507.218.4773',NULL,NULL),
    ('Jordan House',NULL,NULL,'Minneapolis, S Minneapolis',NULL,NULL,NULL,'jonathanjakubas@gmail.com','612.300.7786',NULL,NULL),
    ('Journeys Homes',NULL,NULL,'St Paul',NULL,NULL,NULL,'journeyshomesllc@gmail.com','763.219.0191',NULL,NULL),
    ('Judys Place Recovery Homes',NULL,NULL,'St Paul',NULL,NULL,NULL,'recoveryhouse69@gmail.com','612.306.1475',NULL,NULL),
    ('Landing Point',NULL,NULL,'Minneapolis, NE Minneapolis',NULL,NULL,NULL,'victor.nelson@outlook.com','612.388.9882',NULL,NULL),
    ('Liati House',NULL,NULL,'St Paul',NULL,NULL,NULL,'segaregis@gmail.com','612.615.3452',NULL,NULL),
    ('Living Ark',NULL,NULL,'Otsego',NULL,NULL,NULL,'livingark@mail.com','763.220.0472',NULL,NULL),
    ('Mandala Homes',NULL,NULL,'St Paul',NULL,NULL,NULL,'Andrea@mandalahomesmn.com','651.387.0910',NULL,NULL),
    ('Meraki Recovery Housing',NULL,NULL,'Blaine, Coon Rapids, Isanti, NW Minneapolis Suburbs, Ramsey',NULL,NULL,NULL,'Krista@merakihousing.com','763.744.8086',NULL,NULL),
    ('Meraki Recovery Housing',NULL,NULL,'Ramsey',NULL,NULL,NULL,'Krista@merakihousing.com','763.744.8086',NULL,NULL),
    ('Midwest Sober Housing (Freedom Thru Faith)',NULL,NULL,'Minneapolis, Rochester',NULL,NULL,NULL,'nate@iamsobertoday.com','763.464.2826',NULL,NULL),
    ('New Beginnings Sober Homes',NULL,NULL,'St Paul',NULL,NULL,NULL,'marx0045@d.umn.edu','612.715.9477',NULL,NULL),
    ('New Heights',NULL,NULL,'Columbia Heights, Minneapolis, NE Minneapolis',NULL,NULL,NULL,'newheightssoberhouse@gmail.com','763.205.2487',NULL,NULL),
    ('New Heights',NULL,NULL,'Columbia Heights, Minneapolis',NULL,NULL,NULL,'newheightssoberhouse@gmail.com','763.205.2487',NULL,NULL),
    ('New Spirit Homes',NULL,NULL,'Minneapolis, S Minneapolis',NULL,NULL,NULL,'housing@new-spirit-homes.com','612.991.1534',NULL,NULL),
    ('One Love Housing',NULL,NULL,'Anoka, Cambridge, Champlin, Minneapolis, NW Minneapolis Suburbs',NULL,NULL,NULL,'rc@onelovehousing.com','763-533-1234',NULL,NULL),
    ('One Love Housing',NULL,NULL,'Champlin, Minneapolis',NULL,NULL,NULL,'rc@onelovehousing.com','763.533.1234',NULL,NULL),
    ('Onyx Sober Living',NULL,NULL,'New Richmond, WI',NULL,NULL,NULL,'onyxsoberliving@gmail.com','715.245.1275',NULL,NULL),
    ('Onyx Sober Living',NULL,NULL,'Somerset, WI',NULL,NULL,NULL,'onyxsoberliving@gmail.com','715.245.1275',NULL,NULL),
    ('Optimist Crew',NULL,NULL,'St Paul',NULL,NULL,NULL,'dave@optimistcrew.com','651.343.5625',NULL,NULL),
    ('Portland 2 Sober House',NULL,NULL,'Minneapolis, S Minneapolis',NULL,NULL,NULL,'portlandsoberhouse@gmail.com','612.747.2575',NULL,NULL),
    ('Portland Sober House',NULL,NULL,'Minneapolis, S Minneapolis',NULL,NULL,NULL,'portlandsoberhouse@gmail.com','612.232.7835',NULL,NULL),
    ('Power House for Women',NULL,NULL,'St Paul',NULL,NULL,NULL,'andrea@powerhouseforwomen.com','612.562.8229',NULL,NULL),
    ('Recovery First',NULL,NULL,'St Paul',NULL,NULL,NULL,'keith.czech@gmail.com','651.492.2113',NULL,NULL),
    ('Rejuvenate Homes',NULL,NULL,'St Paul',NULL,NULL,NULL,'doug@soberhomes.com','612.756.9339',NULL,NULL),
    ('Rejuvenate Homes',NULL,NULL,'St Paul',NULL,NULL,NULL,'doug@soberhomes.com','612.756.9339',NULL,NULL),
    ('Right Time Sober Living',NULL,NULL,'St Paul',NULL,NULL,NULL,'righttimesoberliving@gmail.com','763.415.0488',NULL,NULL),
    ('Right Time Sober Living',NULL,NULL,'St Paul',NULL,NULL,NULL,'righttimesoberliving@gmail.com','763.415.0488',NULL,NULL),
    ('Safe Haven',NULL,NULL,'St Paul',NULL,NULL,NULL,'safehaven.stpaul@gmail.com','612.804.0645',NULL,NULL),
    ('Safe Haven',NULL,NULL,'St Paul',NULL,NULL,NULL,'safehaven.stpaul@gmail.com','612.804.0645',NULL,NULL),
    ('Saint Paul Spirit House',NULL,NULL,'St Paul',NULL,NULL,NULL,'barb.madigan@yahoo.com','612.991.1999',NULL,NULL),
    ('Serenity Recovery Homes',NULL,NULL,'Crystal, Minneapolis, Robbinsdale',NULL,NULL,NULL,'info@serenityrecoveryhomes.com','888.905.2359',NULL,NULL),
    ('Serenity Recovery Homes',NULL,NULL,'Crystal, Minneapolis, Robbinsdale',NULL,NULL,NULL,'info@serenityrecoveryhomes.com','888.905.2359',NULL,NULL),
    ('Snelling House',NULL,NULL,'St Paul',NULL,NULL,NULL,'randallsyoung@comcast.net','651.343.0920',NULL,NULL),
    ('Sober Living Connections',NULL,NULL,'Minneapolis',NULL,NULL,NULL,'dkascmar@onetwelve.org','952.529.8849',NULL,NULL),
    ('South Shore Serenity',NULL,NULL,'Forest Lake',NULL,NULL,NULL,'lm.gillette@gmail.com','651.253.2261',NULL,NULL),
    ('St. Paul Sober Living',NULL,NULL,'St Paul',NULL,NULL,NULL,'info@stpaulsoberliving.com','651.636.7775',NULL,NULL),
    ('St. Paul Sober Living',NULL,NULL,'Minneapolis',NULL,NULL,NULL,'info@stpaulsoberliving.com','651.636.7775',NULL,NULL),
    ('St. Paul Sober Living',NULL,NULL,'St Paul',NULL,NULL,NULL,'info@stpaulsoberliving.com','651.636.7775',NULL,NULL),
    ('Stepping Stones',NULL,NULL,'St Paul',NULL,NULL,NULL,'steppingstones@comcast.net','612.219.4806',NULL,NULL),
    ('Stepping Stones',NULL,NULL,'St Paul',NULL,NULL,NULL,'steppingstones@comcast.net','651.248.1729',NULL,NULL),
    ('Summit Hill Sober Living',NULL,NULL,'St Paul',NULL,NULL,NULL,'summithillsoberliving@gmail.com','651.401.5558',NULL,NULL),
    ('The Lion House',NULL,NULL,'St Paul',NULL,NULL,NULL,'info@lionhousestpaul.com','651.261.7566/612.245.2409',NULL,NULL),
    ('The Recovery House',NULL,NULL,'Brooklyn Center, Minneapolis',NULL,NULL,NULL,'therecoveryhouse1@gmail.com','612.442.6831',NULL,NULL),
    ('U Too House',NULL,NULL,'Minneapolis',NULL,NULL,NULL,'scstephencox@gmail.com','612.203.3455',NULL,NULL),
    ('University House',NULL,NULL,'Minneapolis',NULL,NULL,NULL,'scstephencox@gmail.com','612.203.3455',NULL,NULL),
    ('West Side Sober Living',NULL,NULL,'West Metro',NULL,NULL,NULL,'cory@onetwelve.org','952.529.8981','.529.8981',NULL);
    
--Add column for Unique IDs for each Provider--
ALTER TABLE "provider"
ADD COLUMN "id" SERIAL PRIMARY KEY;

-- Create Bucket Table--
CREATE TABLE "bucket" (
	"id" serial PRIMARY KEY NOT NULL,
	"name" VARCHAR (255)
);

--Insert Bucket Test Data--
INSERT INTO "bucket" ("name")
 VALUES ('First Contact'), ('Data Collection'), ('Scheduling'), ('Generate'), ('Referral'), ('Inactive');

        
-- Create Patient Table--
CREATE TABLE "patient" (
	"id" serial PRIMARY KEY NOT NULL,
	"bucket_id" INT REFERENCES "bucket" DEFAULT 1,
	"active" BOOLEAN NOT NULL DEFAULT 'true',
	"column_order" INT,
    "token" TEXT,
);

--Insert Patient Test Data--
INSERT INTO "patient" ("id", "bucket_id")
 VALUES (1, DEFAULT), (2, DEFAULT), (3, DEFAULT), (4, DEFAULT), (5, DEFAULT);

-- Create Tag Table--
CREATE TABLE "tag" (
	"id" serial PRIMARY KEY NOT NULL,
	"name" varchar(255) NOT NULL,
	"active" BOOLEAN NOT NULL DEFAULT 'true'
);

--Insert Tag Data--
INSERT INTO "tag" ("name")
 VALUES ('Family Recovery Housing'),('Family treatment Programming'),
 ('Family treatment Programming'), ('Men'), ('Women'), ('Opioid Treatment Program (OTP)/Methadone'),('Detox/withdrawal management'), ('Residential'), ('Outpatient/IOP'), ('Sober Living'), ('Room and Board'), ('Certified Peer Recovery Support Specialists'), ('Office-based opioid treatment (OBOT Suboxone)'), ('Mental Health Services'), ('Eating Disorder Services'), ('Harm Reduction/Syringe Access'), ('Naloxone'), ('Process Services (Sex, gambling, etc..)'),('Grassroots Recovery Supports'), ('Recovery Community Organization'), ('MOUD-friendly'), ('Medical Services'), ('African American/Black Services'), ('American Indian/Native Specific Services'), ('LGBTQ-Specific Services'), ('Spanish-Speaking Services'), ('African-Born/East African/Somali Specific Services'), ('Faith-based'), ('12-Step'), ('Non-12-Step'), ('Felon-friendly'),('Accepts Medicaid'), ('Adolescent'), ('Interventionist'), ('Benefit Services'), ('Other Services') ;

-- Create Patient_provider JOIN table--
CREATE TABLE "patient_provider" (
	"id" serial PRIMARY KEY NOT NULL,
	"provider_id" INT REFERENCES "provider",
	"patient_id" INT REFERENCES "patient",
);

--Insert Patient_provider Test Data--
INSERT INTO "patient_provider" ("provider_id", "patient_id")
 VALUES (1, 1, DEFAULT),
 (2, 1),
 (3, 1),
 (32, 1),
 (15, 2),
 (21, 3),
 (25, 4),
 (4, 4),
 (11, 4),
 (16, 5),
 (4, 5),
 (5, 5),
 (7, 5),
 (22, 5);
 
-- Create Patient_tag JOIN table--
CREATE TABLE "patient_tag" (
	"id" serial PRIMARY KEY NOT NULL,
	"tag_id" INT REFERENCES "tag",
	"patient_id" INT REFERENCES "patient"
);

--Insert Patient_tag Test Data--
INSERT INTO "patient_tag" ("tag_id", "patient_id")
 VALUES (1, 1);

--Create Provider_tag JOIN table--
CREATE TABLE "provider_tag" (
	"id" serial PRIMARY KEY NOT NULL,
	"provider_id" INT REFERENCES "provider",
	"tag_id" INT REFERENCES "tag"
);

--Insert provider_tag Test Data--
INSERT INTO "provider_tag" ("provider_id", "tag_id")
VALUES (1, 3), (1, 4), (1, 8), 
 (2, 3), (2, 4), (2, 8), (2, 32),
 (3, 3), (3, 4), (3, 8), 
 (4, 3), (4, 4), (4, 8), 
 (5, 3), (5, 4), (5, 8),
 (6, 4), (6, 8),
 (7, 3), (7, 4), (7, 5), (7, 8), (7, 32),
 (8, 3), (8, 4), (8, 8), (8, 32),
 (9, 3), (9, 4), (9, 8), (9, 31),
 (10, 3), (10, 4), (10, 6),
 (11, 3), (11, 4), (11, 5), (11, 8), (11, 12),
 (12, 3), (12, 4), (12, 5), (12, 8), (12, 12), (12, 32),
 (13, 3), (13, 4), (13, 5), (13, 8), (13, 12),
 (14, 3), (14, 4), (14, 7), (14, 8), (14, 12), (14, 21),
 (15, 3), (15, 4), (15, 8), (15, 32),
 (16, 3), (16, 4), (16, 8), (16, 32),
 (17, 3), (17, 4), (17, 8),
 (18, 3), (18, 4), (18, 8),
 (19, 3), (19, 4), (19, 8),
 (20, 1), (20, 4), (20, 4), (20, 8), (20, 9), (20, 10),
 (21, 2), (21, 3), (21, 4), (21, 6), (21, 7), (21, 8), (21, 32),
 (22, 3), (22, 4), (22, 8), (22, 32),
 (23, 3), (23, 4), (23, 8), (23, 13), 
 (24, 2), (24, 3), (24, 4), (24, 6), (24, 7), (24, 8), 
 (25, 3), (25, 4), (25, 8), (25, 28), (25, 32) 
  ;
 
 --ALTERATIONS
--ALTER TABLE "provider"
--ADD "active" boolean DEFAULT true;

--ALTER TABLE "patient"
--ADD COLUMN "active" BOOLEAN NOT NULL DEFAULT true;

--ALTER TABLE "patient"
--ADD COLUMN "auto_recs_needed" BOOLEAN NOT NULL DEFAULT true;

--ALTER TABLE "patient"
--ADD COLUMN "created_by_user_id" INT REFERENCES "user";
